=>> PBS: job killed: mem job total 324747964 kb exceeded limit 314572800 kb
fication time 2.6 s in the future
make: Circular parameters.o <- variables.o dependency dropped.
make: Circular parameters.o <- variables.o dependency dropped.
make: Circular variables.o <- variables.o dependency dropped.
make: Circular variables.o <- variables.o dependency dropped.
make: Circular main.o <- main.o dependency dropped.
make: Circular power_test.o <- main.o dependency dropped.
make: Circular power_test.o <- power_test.o dependency dropped.
done
make: warning:  Clock skew detected.  Your build may be incomplete.




/home/cossim/cube_nu/cube_nu_new
running with 128 processes on 4 nodes
###############################################
Start Running
Running ./main.x
 
 CUBE run on      8 images  x   32 cores
   call geometry
   opath:/home/cossim/cube_nu/test/200_1024/sigle_nu_200_512_2_0.06_2/
   omp_get_max_threads() =          32
   omp_get_num_procs()   =          72
   omp_set_threads()     =          32
 init nu_info
   nft,ngt                    64                   128
   nftg,ngtg   1024.000       512.0000    
   npb ncb nnb                   521                   243                   278
   npb ngb                   521                  1795
   nfg nfg_global                  1024                  2048
   z_nu_start f_nu                Infinity  4.579966887831688E-003
   nupath:
 /home/cossim/cube_nu/test/200_1024/sigle_nu_200_512_2_0.06_2/neutrinos/
 k  3.1415928E-02  4.4428829E-02   222.8797    
 m_nu_2d  5.999999865889549E-002   1.00000000000000        1.00000000000000     
   initialize Green's functions
     nc,ngt,nft,ng =    128    160     40     80    160    240    320    480
    640    512
   Gk3_8   -1.328586       20596.06    
   Gk3_12  -2.991657       105185.6    
   call create_cubefft_plan
     sfftw_init_threads status           1
     omp_get_max_threads() =          32
     elapsed time =  0.0000000E+00 secs
   call create_penfft_plan nw =                    128
     elapsed time =  0.0000000E+00 secs
   initialize tile and subtile index
   initialize PP neighbors
                     75
 particle_initialization
   at redshift   1.294100    
   from image           1  read             118241010  particles
   from image           8  read             130553693  particles
  5.999999865889549E-002
 init 
  s_f     :  0.6669909                      2093
  Pk_0    :  0.0000000E+00  0.0000000E+00  0.0000000E+00  0.0000000E+00
  Pk_-1   :   6976.597       9663.948       6345.053       3834.034    
  Pk_check:   6571.257       9120.187       5979.530       3604.427    
  a       :  5.2244440E-03  0.4353296      0.4356309      0.4359007    
  tau     :  4.4070012E-03  4.5161419E-02  4.5172255E-02  4.5182530E-02
   a,tau init                  2093  0.4359008       1.294100      4.5182530E-02
   npglobal    =            1073741824
   mass_p_cdm =   1.000000    
   vsim2phys =   36.97573      (km/s)/(1.0)
   sigma_vi    =  0.0000000E+00 (simulation unit)
   elapsed time =  0.0000000E+00 secs
 
 -------------------------------- CUBE info --------------------------------
 | np local/global =             118241010            1073741824
 | a,t,tau         =  0.4359008       37.52374      4.5182530E-02
 | timestep        =                  2093
 | dt PM123,PP     =  3.7762735E-02  2.5102993E-02  1.5130885E-02  1.4409361E-03
 | dt v            =  0.1346193    
 | cur_checkpoint  =     75   1.294100    
 | cur_powerpoint  =     22   1.364700    
 | cur_halofind    =      5  -9999.000    
 | mass_p          =   1.000000    
 | box             =   200.0000     Mpc/h
 | image           =                     1
 | nn              =                     2
 | nnt             =                     4
 | ncb             =                     4
 | izip x,v        =    2    2
 | h_0             =  0.6817000     *100 km/s/Mpc
 | omega_m         =  0.3026677    
 | omega_nu         =  0.0000000E+00
 | omega_l         =  0.6972818    
 | sigma_8         =  0.8091000    
 | vsim2phys       =   36.97573     (km/s)/(1.0)
 | sigma_vres      =   3.790313     (km/s)
 | sigma_vi        =  0.0000000E+00 (simulation unit)
 | z_i             =   200.0000    
 | vz_max          =   70.09649    
 ------------------------------------------------------------------------------
 buffer_np
 
 redistribute_cdm
   image overhead   55.35065     % full
   consumed image_buffer =   1.107013     /   2.000000    
   elapsed time =   8.069000     secs
 
 buffer_xvp
   elapsed time =   5.704300     secs
 
 buffer_xvp
   elapsed time =   5.548000     secs
 
   check PID range after buffer_v:                    36            1073741346
 ---------- starting main loop ----------
 
 -------------------------------------------------------
 timestep    :                  2094
 tau         :  4.5182530E-02  4.5192804E-02
 z         :   1.294100       1.292512    
 a         :  0.4359008      0.4360518      0.4362028    
 expansion :  6.9232244E-04
 dt        :  1.4409361E-03
 dt_e      :  0.2106826    
 dt_pm1    :  3.7762735E-02
 dt_pm2    :  2.5102993E-02
 dt_pm3    :  1.5130885E-02
 dt_pp     :  1.4409361E-03
 dt_vmax   :  0.1346193    
 cur_powerpoint :                    22   1.364700    
 
 drift
   dt_mid =  7.2046806E-04
   nlayer =           4
   tile overhead   73.68617     % full
   consumed tile_buffer =   2.210585     /   3.000000    
   clean buffer of rhoc
   npcheck,npglobal=            1073741824            1073741824
   elapsed time =   43.64010     secs
 
 buffer_np
 
 redistribute_cdm
   image overhead   55.35256     % full
   consumed image_buffer =   1.107051     /   2.000000    
   elapsed time =   6.588900     secs
 
 buffer_xvp
   elapsed time =   3.856200     secs
 
 
 Get Tf_nu
   save Pk in z =    1.294100            2093
   s_f    =   0.6670138    
   1-f_nu =   0.995420033112168     
   f_nus  =    1.00000000000000       0.000000000000000E+000
  0.000000000000000E+000
   f_nr   =   0.9950775                NaN            NaN
   ifs    =          120                   521
   k_fs   =   0.7233183    
 
 Power_step
  global_power
 check: min,max,sum of rho_grid = 
  0.0000000E+00   1961.077       130552879.015626        252910666.000000     
  0.0000000E+00   2000.408       148187844.145271        290206820.000000     
  0.0000000E+00   2387.734       130302063.041522        249408086.000000     
  0.0000000E+00   2216.642       132145203.226872        256859368.000000     
  0.0000000E+00   2229.405       133320747.485217        261785939.000000     
  0.0000000E+00   2917.134       136311726.316340        266811440.000000     
  0.0000000E+00   2009.790       144685605.399607        284573014.000000     
  0.0000000E+00   2226.766       118235755.316442        232193628.000000     
 min  -1.000000     max   20221.07     mean -4.004625664411066E-008
 auto_power
      c2x_global   15.74960    
      xtran_global  0.6889000    
      x2y_global   15.05770    
      ytran_global  0.6182000    
      y2z_global   18.44620    
      ztran_global  0.6574000    
      z2y_global   14.87610    
      y2x_global   19.80330    
      pen_forward_global time   86.98170    
 check: min,max of rho_k = 
    alpha  -4.876892    
    alpha  -3.212534    
    alpha  -3.260970    
    alpha  -3.259322    
 Write cicpower_global into
 /home/cossim/cube_nu/test/200_1024/sigle_nu_200_512_2_0.06_2/neutrinos/Pk/1.293
 _cicpower_global.bin
         425         424         395         347
   55.68611       55.55369       41.66527       27.77684    
   56.35508       55.55369       36.67141       18.43992    
      -Infinity  -5.000000      -3.390625      -1.054688    
  0.0000000E+00  6.7379475E-03  3.3687618E-02  0.3483012    
    Write cicpower_segment into
      
 /home/cossim/cube_nu/test/200_1024/sigle_nu_200_512_2_0.06_2/neutrinos/Pk/1.293
 *.bin
      global_power elapsed time =   337.3838    
       exterp   1.294100                        23        2093
   tf_F_correction         119  0.7039759      0.7233183      0.9954277    
   Pk_step   7994.327       57.83905      0.3726474      7.8233752E-06
   Pk_nu   540.1729      8.0882410E-06  3.3550307E-12  1.0987366E-17
   Pk_nu1   545.5304      8.1684611E-06  3.3883066E-12  1.1096342E-17
   Pk_nu2   9092.385      0.1432457      2.4162944E-07  6.6065176E-08
   Pk_nu3   9092.383      0.1432457      2.4162944E-07  6.6065176E-08
   tf_F  0.9966065      0.9954277      0.9954275      0.9954260    
   path
 /home/cossim/cube_nu/test/200_1024/sigle_nu_200_512_2_0.06_2/neutrinos/*/*_1.29
 41.txt
   real time =     340.3538     secs
 
 
 PM1
   assign density done
      forward start
      c2x   2.136600    
      xtran  6.7299999E-02
      x2y  0.5599000    
      ytran  8.2900003E-02
      y2z  0.5397000    
      ztran  6.8400003E-02
      z2y  0.5476000    
      y2x  0.4816000    
      pen_forward time   4.555500    
      forward done.   4.632600    
      backward done.   2.165600    
   pm%f2max =  1.6360890E+07
     sum of PM1 density =   118241614.575757     
   real time =   24.13340     secs
 
 PM2
   sum of PM2 density   118234503.870110        118234503.870110     
   vmax =   70.93586       64.28029       70.22655    
   f2max =  1.7013899E+08
   total team time =   66.8376995921135      secs
   real time =   10.62680     secs
 
 PM3
   sum of PM3 density   118242945.073769     
   vmax =   71.48182       63.87918       70.48931    
   f2max =  1.3156333E+09
   total team time =   719.544600541703      secs
   real time =   123.5820     secs
 
PM3 node 1 vmax=    71.482     63.879     70.489  f2max= 0.1E+10
PM3 node 2 vmax=    79.241     75.621     86.080  f2max= 0.2E+10
PM3 node 4 vmax=    84.055     80.123     79.245  f2max= 0.2E+10
PM3 node 5 vmax=    66.918     74.882     72.384  f2max= 0.1E+10
PM3 node 6 vmax=    93.325     81.585     83.500  f2max= 0.1E+10
PM3 node 7 vmax=    67.769     71.980     70.947  f2max= 0.2E+10
PM3 node 8 vmax=    69.748     64.480     64.900  f2max= 0.1E+10
PM3 node 3 vmax=    61.709     65.916     68.291  f2max= 0.1E+10
   node           1
     dt_vmax=  0.1762686    
     dt_pm1 =  5.1689200E-02
     dt_pm2 =  2.8783962E-02
     dt_pm3 =  1.7261073E-02
     dt_pp  =  1.4409361E-03
   node           2
     dt_vmax=  0.1463750    
     dt_pm1 =  5.0352503E-02
     dt_pm2 =  2.4998924E-02
     dt_pm3 =  1.6489072E-02
     dt_pp  =  1.4409361E-03
   node           3
     dt_vmax=  0.1845032    
     dt_pm1 =  5.8635004E-02
     dt_pm2 =  2.8179029E-02
     dt_pm3 =  1.6845167E-02
     dt_pp  =  1.4409361E-03
   node           4
     dt_vmax=  0.1499020    
     dt_pm1 =  4.5858230E-02
     dt_pm2 =  2.5264544E-02
     dt_pm3 =  1.6137337E-02
     dt_pp  =  1.4409361E-03
   node           5
     dt_vmax=  0.1682646    
     dt_pm1 =  5.2953362E-02
     dt_pm2 =  2.7576912E-02
     dt_pm3 =  1.6740510E-02
     dt_pp  =  1.4409361E-03
   node           6
     dt_vmax=  0.1350120    
     dt_pm1 =  3.7728839E-02
     dt_pm2 =  2.6978431E-02
     dt_pm3 =  1.8411906E-02
     dt_pp  =  1.4409361E-03
   node           7
     dt_vmax=  0.1750488    
     dt_pm1 =  4.9042463E-02
     dt_pm2 =  2.8279724E-02
     dt_pm3 =  1.5094418E-02
     dt_pp  =  1.4409361E-03
   node           8
     dt_vmax=  0.1806495    
     dt_pm1 =  5.7989240E-02
     dt_pm2 =  2.7509587E-02
     dt_pm3 =  1.7390434E-02
     dt_pp  =  1.4409361E-03
     napm =           0       19868       10894        1755         251
           0           0
   real time =   123.5820       2.165600     secs
 buffer_xvp
   elapsed time =   7.188000     secs
 
   check PID range after buffer_v:                    36            1073741346
 total elapsed time =   566.0195       566.0886     secs
 
 -------------------------------------------------------
 timestep    :                  2095
 tau         :  4.5192804E-02  4.5203652E-02
 z         :   1.292512       1.290924    
 a         :  0.4362028      0.4363540      0.4365051    
 expansion :  6.9270359E-04
 dt        :  1.4409361E-03
 dt_e      :  0.2105698    
 dt_pm1    :  3.7728839E-02
 dt_pm2    :  2.4998924E-02
 dt_pm3    :  1.5094418E-02
 dt_pp     :  1.4409361E-03
 dt_vmax   :  0.1350120    
 cur_powerpoint :                    23   1.258400    
 
 drift
   dt_mid =  1.4409361E-03
   nlayer =           4
   tile overhead   73.70192     % full
   consumed tile_buffer =   2.211058     /   3.000000    
   clean buffer of rhoc
   npcheck,npglobal=            1073741824            1073741824
   elapsed time =   66.55610     secs
 
 buffer_np
 
 redistribute_cdm
   image overhead   55.35638     % full
   consumed image_buffer =   1.107128     /   2.000000    
   elapsed time =   7.305700     secs
 
 buffer_xvp
   elapsed time =   5.051000     secs
 
 
 Get Tf_nu
   save Pk in z =    1.292512            2094
   s_f    =   0.6670394    
   1-f_nu =   0.995420033112168     
   f_nus  =    1.00000000000000       0.000000000000000E+000
  0.000000000000000E+000
   f_nr   =   0.9950843                NaN            NaN
   ifs    =          120                   521
   k_fs   =   0.7235687    
       exterp   1.292512                        23        2094
   tf_F_correction         119  0.7039759      0.7235687      0.9954277    
   Pk_step   8022.524       58.16918      0.3734401      7.7874947E-06
   Pk_nu   541.0826      8.1174076E-06  3.4186048E-12  1.0976146E-17
   Pk_nu1   546.4417      8.1978060E-06  3.4524640E-12  1.1084858E-17
   Pk_nu2   9103.690      0.1436203      2.4202686E-07  6.5831152E-08
   Pk_nu3   9103.690      0.1436203      2.4202686E-07  6.5831166E-08
   tf_F  0.9966054      0.9954277      0.9954275      0.9954260    
   path
 /home/cossim/cube_nu/test/200_1024/sigle_nu_200_512_2_0.06_2/neutrinos/*/*_1.29
 25.txt
   real time =     3.823600     secs
 
 
 PM1
   assign density done
      forward start
      c2x   2.657300    
      xtran  8.5699998E-02
      x2y  0.5484000    
      ytran  7.0600003E-02
      y2z  0.5456000    
      ztran  8.3400004E-02
      z2y  0.5423000    
      y2x  0.5433000    
      pen_forward time   5.145400    
      forward done.   5.216000    
      backward done.   2.073700    
   pm%f2max =  1.6437513E+07
     sum of PM1 density =   118231382.694469     
   real time =   23.61340     secs
 
 PM2
   sum of PM2 density   118224152.459369        118224152.459369     
   vmax =   71.53718       63.88050       70.62727    
   f2max =  1.6977517E+08
   total team time =   71.1593003869057      secs
   real time =   10.11910     secs
 
 PM3
   sum of PM3 density   118232574.607575     
   vmax =   71.98972       63.31355       71.07149    
   f2max =  1.3183104E+09
   total team time =   849.135699419305      secs
   real time =   123.2604     secs
 
PM3 node 1 vmax=    71.990     63.314     71.071  f2max= 0.1E+10
PM3 node 2 vmax=    80.077     76.298     86.417  f2max= 0.2E+10
PM3 node 3 vmax=    61.955     65.921     68.334  f2max= 0.1E+10
PM3 node 4 vmax=    84.189     79.892     79.462  f2max= 0.2E+10
PM3 node 5 vmax=    66.744     74.684     72.055  f2max= 0.1E+10
PM3 node 6 vmax=    93.108     81.528     83.585  f2max= 0.1E+10
PM3 node 7 vmax=    67.896     71.956     70.819  f2max= 0.2E+10
PM3 node 8 vmax=    69.863     65.025     65.337  f2max= 0.1E+10
   node           1
     dt_vmax=  0.1750250    
     dt_pm1 =  5.1610973E-02
     dt_pm2 =  2.8789397E-02
     dt_pm3 =  1.7246330E-02
     dt_pp  =  1.4409361E-03
   node           2
     dt_vmax=  0.1458043    
     dt_pm1 =  5.0293133E-02
     dt_pm2 =  2.4900828E-02
     dt_pm3 =  1.6385004E-02
     dt_pp  =  1.4409361E-03
   node           3
     dt_vmax=  0.1843880    
     dt_pm1 =  5.8556788E-02
     dt_pm2 =  2.8161298E-02
     dt_pm3 =  1.6733553E-02
     dt_pp  =  1.4409361E-03
   node           4
     dt_vmax=  0.1496627    
     dt_pm1 =  4.5818701E-02
     dt_pm2 =  2.5136575E-02
     dt_pm3 =  1.6186662E-02
     dt_pp  =  1.4409361E-03
   node           5
     dt_vmax=  0.1687106    
     dt_pm1 =  5.2855149E-02
     dt_pm2 =  2.7550811E-02
     dt_pm3 =  1.6713019E-02
     dt_pp  =  1.4409361E-03
   node           6
     dt_vmax=  0.1353273    
     dt_pm1 =  3.7693284E-02
     dt_pm2 =  2.6961584E-02
     dt_pm3 =  1.8360216E-02
     dt_pp  =  1.4409361E-03
   node           7
     dt_vmax=  0.1751073    
     dt_pm1 =  4.8955645E-02
     dt_pm2 =  2.8101387E-02
     dt_pm3 =  1.5046660E-02
     dt_pp  =  1.4409361E-03
   node           8
     dt_vmax=  0.1803518    
     dt_pm1 =  5.7943124E-02
     dt_pm2 =  2.7499996E-02
     dt_pm3 =  1.7377114E-02
     dt_pp  =  1.4409361E-03
     napm =           0       19855       10902        1759         252
           0           0
   real time =   123.2604       2.073700     secs
 buffer_xvp
   elapsed time =   7.826600     secs
 
   check PID range after buffer_v:                    36            1073741346
 total elapsed time =   252.6497       252.7182     secs
 
 -------------------------------------------------------
 timestep    :                  2096
 tau         :  4.5203652E-02  4.5214500E-02
 z         :   1.290924       1.289336    
 a         :  0.4365051      0.4366565      0.4368079    
 expansion :  6.9303764E-04
 dt        :  1.4409361E-03
 dt_e      :  0.2104566    
 dt_pm1    :  3.7693284E-02
 dt_pm2    :  2.4900828E-02
 dt_pm3    :  1.5046660E-02
 dt_pp     :  1.4409361E-03
 dt_vmax   :  0.1353273    
 cur_powerpoint :                    23   1.258400    
 
 drift
   dt_mid =  1.4409361E-03
   nlayer =           4
   tile overhead   73.73250     % full
   consumed tile_buffer =   2.211975     /   3.000000    
   clean buffer of rhoc
   npcheck,npglobal=            1073741824            1073741824
   elapsed time =   63.36780     secs
 
 buffer_np
 
 redistribute_cdm
   image overhead   55.36020     % full
   consumed image_buffer =   1.107204     /   2.000000    
   elapsed time =   6.785700     secs
 
 buffer_xvp
   elapsed time =   4.807400     secs
 
 
 Get Tf_nu
   save Pk in z =    1.290924            2095
   s_f    =   0.6670650    
   1-f_nu =   0.995420033112168     
   f_nus  =    1.00000000000000       0.000000000000000E+000
  0.000000000000000E+000
   f_nr   =   0.9950910                NaN            NaN
   ifs    =          120                   521
   k_fs   =   0.7238196    
       exterp   1.290924                        23        2095
   tf_F_correction         119  0.7039759      0.7238196      0.9954277    
   Pk_step   8050.934       58.50297      0.3742494      7.7524019E-06
   Pk_nu   541.9952      8.1485896E-06  3.4412863E-12  1.0941227E-17
   Pk_nu1   547.3560      8.2291854E-06  3.4753231E-12  1.1049444E-17
   Pk_nu2   9115.005      0.1439963      2.4243789E-07  6.5598421E-08
   Pk_nu3   9115.005      0.1439963      2.4243789E-07  6.5598421E-08
   tf_F  0.9966043      0.9954277      0.9954275      0.9954260    
   path
 /home/cossim/cube_nu/test/200_1024/sigle_nu_200_512_2_0.06_2/neutrinos/*/*_1.29
 09.txt
   real time =     3.025700     secs
 
 
 PM1
   assign density done
      forward start
      c2x   1.350200    
      xtran  8.2099997E-02
      x2y  0.5389000    
      ytran  6.1099999E-02
      y2z  0.5677000    
      ztran  9.1200002E-02
      z2y  0.5538000    
      y2x  0.5310000    
      pen_forward time   3.848100    
      forward done.   3.940100    
      backward done.   2.259700    
   pm%f2max =  1.6513237E+07
     sum of PM1 density =   118221140.722194     
   real time =   23.22910     secs
 
 PM2
   sum of PM2 density   118213792.047420        118213792.047420     
   vmax =   72.02563       63.29087       71.27395    
   f2max =  1.6933843E+08
   total team time =   73.6325997710228      secs
   real time =   10.11690     secs
 
 PM3
   sum of PM3 density   118222180.638649     
   vmax =   72.37617       62.61843       72.12651    
   f2max =  1.3173778E+09
   total team time =   709.918399579357      secs
   real time =   117.6205     secs
 
PM3 node 1 vmax=    72.376     62.618     72.127  f2max= 0.1E+10
PM3 node 5 vmax=    66.256     74.252     71.775  f2max= 0.1E+10
PM3 node 2 vmax=    80.431     76.956     86.526  f2max= 0.2E+10
PM3 node 3 vmax=    61.823     66.045     68.117  f2max= 0.2E+10
PM3 node 4 vmax=    84.587     79.451     79.630  f2max= 0.2E+10
PM3 node 6 vmax=    93.275     81.277     83.671  f2max= 0.1E+10
PM3 node 7 vmax=    67.796     71.954     70.539  f2max= 0.2E+10
PM3 node 8 vmax=    70.441     65.390     65.735  f2max= 0.1E+10
   node           1
     dt_vmax=  0.1740904    
     dt_pm1 =  5.1533844E-02
     dt_pm2 =  2.8797958E-02
     dt_pm3 =  1.7243404E-02
     dt_pp  =  1.4409361E-03
   node           2
     dt_vmax=  0.1456210    
     dt_pm1 =  5.0235372E-02
     dt_pm2 =  2.4815360E-02
     dt_pm3 =  1.6297273E-02
     dt_pp  =  1.4409361E-03
   node           3
     dt_vmax=  0.1849758    
     dt_pm1 =  5.8478974E-02
     dt_pm2 =  2.8149033E-02
     dt_pm3 =  1.6634291E-02
     dt_pp  =  1.4409361E-03
   node           4
     dt_vmax=  0.1489591    
     dt_pm1 =  4.5779064E-02
     dt_pm2 =  2.5007196E-02
     dt_pm3 =  1.6142452E-02
     dt_pp  =  1.4409361E-03
   node           5
     dt_vmax=  0.1696922    
     dt_pm1 =  5.2757021E-02
     dt_pm2 =  2.7525710E-02
     dt_pm3 =  1.6701857E-02
     dt_pp  =  1.4409361E-03
   node           6
     dt_vmax=  0.1350851    
     dt_pm1 =  3.7657946E-02
     dt_pm2 =  2.6945803E-02
     dt_pm3 =  1.8341517E-02
     dt_pp  =  1.4409361E-03
   node           7
     dt_vmax=  0.1751122    
     dt_pm1 =  4.8869867E-02
     dt_pm2 =  2.7913708E-02
     dt_pm3 =  1.4989100E-02
     dt_pp  =  1.4409361E-03
   node           8
     dt_vmax=  0.1788718    
     dt_pm1 =  5.7897512E-02
     dt_pm2 =  2.7495846E-02
     dt_pm3 =  1.7401462E-02
     dt_pp  =  1.4409361E-03
     napm =           0       19850       10900        1766         252
           0           0
   real time =   117.6205       2.259700     secs
 buffer_xvp
   elapsed time =   6.758300     secs
 
   check PID range after buffer_v:                    36            1073741346
 total elapsed time =   243.7741       243.8604     secs
 
 -------------------------------------------------------
 timestep    :                  2097
 tau         :  4.5214500E-02  4.5225352E-02
 z         :   1.289336       1.287749    
 a         :  0.4368079      0.4369594      0.4371110    
 expansion :  6.9338689E-04
 dt        :  1.4409361E-03
 dt_e      :  0.2103436    
 dt_pm1    :  3.7657946E-02
 dt_pm2    :  2.4815360E-02
 dt_pm3    :  1.4989100E-02
 dt_pp     :  1.4409361E-03
 dt_vmax   :  0.1350851    
 cur_powerpoint :                    23   1.258400    
 
 drift
   dt_mid =  1.4409361E-03
   nlayer =           4
   tile overhead   73.76277     % full
   consumed tile_buffer =   2.212883     /   3.000000    
   clean buffer of rhoc
   npcheck,npglobal=            1073741824            1073741824
   elapsed time =   63.66030     secs
 
 buffer_np
 
 redistribute_cdm
   image overhead   55.36396     % full
   consumed image_buffer =   1.107279     /   2.000000    
   elapsed time =   6.610600     secs
 
 buffer_xvp
   elapsed time =   5.126400     secs
 
 
 Get Tf_nu
   save Pk in z =    1.289336            2096
   s_f    =   0.6670906    
   1-f_nu =   0.995420033112168     
   f_nus  =    1.00000000000000       0.000000000000000E+000
  0.000000000000000E+000
   f_nr   =   0.9950978                NaN            NaN
   ifs    =          120                   521
   k_fs   =   0.7240705    
       exterp   1.289336                        23        2096
   tf_F_correction         119  0.7039759      0.7240705      0.9954277    
   Pk_step   8079.589       58.84016      0.3750747      7.7181139E-06
   Pk_nu   542.9052      8.1824282E-06  3.4753741E-12  1.0904643E-17
   Pk_nu1   548.2675      8.2632459E-06  3.5097006E-12  1.1012349E-17
   Pk_nu2   9126.308      0.1443728      2.4287064E-07  6.5367445E-08
   Pk_nu3   9126.308      0.1443728      2.4287064E-07  6.5367445E-08
   tf_F  0.9966032      0.9954277      0.9954275      0.9954260    
   path
 /home/cossim/cube_nu/test/200_1024/sigle_nu_200_512_2_0.06_2/neutrinos/*/*_1.28
 93.txt
   real time =     3.047400     secs
 
 
 PM1
   assign density done
      forward start
      c2x  0.5900000    
      xtran  7.9499997E-02
      x2y  0.5221000    
      ytran  8.0100000E-02
      y2z  0.5547000    
      ztran  7.0100002E-02
      z2y  0.6754000    
      y2x  0.5179000    
      pen_forward time   3.169500    
      forward done.   3.254100    
      backward done.   2.089700    
   pm%f2max =  1.6588115E+07
     sum of PM1 density =   118210887.760182     
   real time =   23.58150     secs
 
 PM2
   sum of PM2 density   118203422.983988        118203422.983988     
   vmax =   72.39243       62.60227       72.30676    
   f2max =  1.6883254E+08
   total team time =   66.3657001852989      secs
   real time =   9.975500     secs
 
 PM3
   sum of PM3 density   118211758.766152     
   vmax =   72.63151       61.89040       73.11997    
   f2max =  1.2983725E+09
   total team time =   698.452398547437      secs
   real time =   118.1964     secs
 
PM3 node 1 vmax=    72.632     61.890     73.120  f2max= 0.1E+10
PM3 node 2 vmax=    80.608     77.593     86.541  f2max= 0.2E+10
PM3 node 3 vmax=    61.398     65.900     67.607  f2max= 0.2E+10
PM3 node 4 vmax=    85.396     78.867     79.739  f2max= 0.2E+10
PM3 node 5 vmax=    66.626     73.634     72.283  f2max= 0.2E+10
PM3 node 6 vmax=    93.159     80.858     83.734  f2max= 0.1E+10
PM3 node 7 vmax=    68.245     72.170     71.159  f2max= 0.2E+10
PM3 node 8 vmax=    70.906     65.555     66.074  f2max= 0.1E+10
   node           1
     dt_vmax=  0.1723195    
     dt_pm1 =  5.1457744E-02
     dt_pm2 =  2.8809518E-02
     dt_pm3 =  1.7300161E-02
     dt_pp  =  1.4409361E-03
   node           2
     dt_vmax=  0.1455960    
     dt_pm1 =  5.0179016E-02
     dt_pm2 =  2.4742438E-02
     dt_pm3 =  1.6214540E-02
     dt_pp  =  1.4409361E-03
   node           3
     dt_vmax=  0.1863705    
     dt_pm1 =  5.8401581E-02
     dt_pm2 =  2.8119054E-02
     dt_pm3 =  1.6594186E-02
     dt_pp  =  1.4409361E-03
   node           4
     dt_vmax=  0.1475483    
     dt_pm1 =  4.5713536E-02
     dt_pm2 =  2.4860390E-02
     dt_pm3 =  1.6127538E-02
     dt_pp  =  1.4409361E-03
   node           5
     dt_vmax=  0.1711160    
     dt_pm1 =  5.2659396E-02
     dt_pm2 =  2.7501592E-02
     dt_pm3 =  1.6621081E-02
     dt_pp  =  1.4409361E-03
   node           6
     dt_vmax=  0.1352524    
     dt_pm1 =  3.7622891E-02
     dt_pm2 =  2.6930897E-02
     dt_pm3 =  1.8371034E-02
     dt_pp  =  1.4409361E-03
   node           7
     dt_vmax=  0.1745875    
     dt_pm1 =  4.8784714E-02
     dt_pm2 =  2.7731014E-02
     dt_pm3 =  1.4948636E-02
     dt_pp  =  1.4409361E-03
   node           8
     dt_vmax=  0.1777001    
     dt_pm1 =  5.7852309E-02
     dt_pm2 =  2.7497094E-02
     dt_pm3 =  1.7451633E-02
     dt_pp  =  1.4409361E-03
     napm =           0       19848       10897        1768         255
           0           0
   real time =   118.1964       2.089700     secs
 buffer_xvp
   elapsed time =   7.523500     secs
 
   check PID range after buffer_v:                    36            1073741346
 total elapsed time =   244.5518       244.6141     secs
 
 -------------------------------------------------------
 timestep    :                  2098
 tau         :  4.5225352E-02  4.5236208E-02
 z         :   1.287749       1.286162    
 a         :  0.4371110      0.4372627      0.4374144    
 expansion :  6.9367903E-04
 dt        :  1.4409361E-03
 dt_e      :  0.2102304    
 dt_pm1    :  3.7622891E-02
 dt_pm2    :  2.4742438E-02
 dt_pm3    :  1.4948636E-02
 dt_pp     :  1.4409361E-03
 dt_vmax   :  0.1352524    
 cur_powerpoint :                    23   1.258400    
 
 drift
   dt_mid =  1.4409361E-03
   nlayer =           4
   tile overhead   73.79335     % full
   consumed tile_buffer =   2.213800     /   3.000000    
   clean buffer of rhoc
   npcheck,npglobal=            1073741824            1073741824
   elapsed time =   61.40390     secs
 
 buffer_np
 
 redistribute_cdm
   image overhead   55.36762     % full
   consumed image_buffer =   1.107352     /   2.000000    
   elapsed time =   6.670400     secs
 
 buffer_xvp
   elapsed time =   5.285500     secs
 
 
 Get Tf_nu
   save Pk in z =    1.287749            2097
   s_f    =   0.6671162    
   1-f_nu =   0.995420033112168     
   f_nus  =    1.00000000000000       0.000000000000000E+000
  0.000000000000000E+000
   f_nr   =   0.9951045                NaN            NaN
   ifs    =          120                   521
   k_fs   =   0.7243217    
       exterp   1.287749                        23        2097
   tf_F_correction         119  0.7039759      0.7243217      0.9954277    
   Pk_step   8108.487       59.18085      0.3759156      7.6845645E-06
   Pk_nu   543.8215      8.2190954E-06  3.5176538E-12  1.0866384E-17
   Pk_nu1   549.1854      8.3001642E-06  3.5523496E-12  1.0973562E-17
   Pk_nu2   9137.662      0.1447517      2.4332655E-07  6.5136781E-08
   Pk_nu3   9137.659      0.1447517      2.4332655E-07  6.5136796E-08
   tf_F  0.9966021      0.9954277      0.9954275      0.9954260    
   path
 /home/cossim/cube_nu/test/200_1024/sigle_nu_200_512_2_0.06_2/neutrinos/*/*_1.28
 77.txt
   real time =     3.018500     secs
 
 
 PM1
   assign density done
      forward start
      c2x   1.382800    
      xtran  5.9599999E-02
      x2y  0.4951000    
      ytran  7.4100003E-02
      y2z  0.5391000    
      ztran  9.1600001E-02
      z2y  0.5311000    
      y2x  0.4909000    
      pen_forward time   3.728200    
      forward done.   3.800600    
      backward done.   2.108200    
   pm%f2max =  1.6662204E+07
     sum of PM1 density =   118200628.196989     
   real time =   24.23100     secs
 
 PM2
   sum of PM2 density   118193044.243111        118193044.243111     
   vmax =   72.62783       61.87717       73.27603    
   f2max =  1.6826045E+08
   total team time =   70.9847001433372      secs
   real time =   10.26240     secs
 
 PM3
   sum of PM3 density   118201325.635333     
   vmax =   72.75852       61.04707       73.96706    
   f2max =  1.2556259E+09
   total team time =   701.992399767041      secs
   real time =   118.9513     secs
 
PM3 node 1 vmax=    72.759     61.047     73.967  f2max= 0.1E+10
PM3 node 2 vmax=    81.663     78.200     86.314  f2max= 0.2E+10
PM3 node 3 vmax=    60.884     65.593     67.493  f2max= 0.2E+10
PM3 node 4 vmax=    85.976     78.638     79.774  f2max= 0.2E+10
PM3 node 5 vmax=    67.078     73.120     72.538  f2max= 0.2E+10
PM3 node 6 vmax=    93.421     81.371     84.147  f2max= 0.1E+10
PM3 node 7 vmax=    68.444     72.380     72.029  f2max= 0.2E+10
PM3 node 8 vmax=    71.268     65.519     66.332  f2max= 0.1E+10
   node           1
     dt_vmax=  0.1703461    
     dt_pm1 =  5.1382620E-02
     dt_pm2 =  2.8823974E-02
     dt_pm3 =  1.7439511E-02
     dt_pp  =  1.4409361E-03
   node           2
     dt_vmax=  0.1459788    
     dt_pm1 =  5.0124254E-02
     dt_pm2 =  2.4681797E-02
     dt_pm3 =  1.6131293E-02
     dt_pp  =  1.4409361E-03
   node           3
     dt_vmax=  0.1866873    
     dt_pm1 =  5.8324680E-02
     dt_pm2 =  2.8087270E-02
     dt_pm3 =  1.6529139E-02
     dt_pp  =  1.4409361E-03
   node           4
     dt_vmax=  0.1465521    
     dt_pm1 =  4.5637056E-02
     dt_pm2 =  2.4720751E-02
     dt_pm3 =  1.6138017E-02
     dt_pp  =  1.4409361E-03
   node           5
     dt_vmax=  0.1723197    
     dt_pm1 =  5.2561842E-02
     dt_pm2 =  2.7478436E-02
     dt_pm3 =  1.6553639E-02
     dt_pp  =  1.4409361E-03
   node           6
     dt_vmax=  0.1348736    
     dt_pm1 =  3.7588194E-02
     dt_pm2 =  2.6909066E-02
     dt_pm3 =  1.8371319E-02
     dt_pp  =  1.4409361E-03
   node           7
     dt_vmax=  0.1740806    
     dt_pm1 =  4.8700400E-02
     dt_pm2 =  2.7553385E-02
     dt_pm3 =  1.4922155E-02
     dt_pp  =  1.4409361E-03
   node           8
     dt_vmax=  0.1767969    
     dt_pm1 =  5.7807479E-02
     dt_pm2 =  2.7503761E-02
     dt_pm3 =  1.7513117E-02
     dt_pp  =  1.4409361E-03
     napm =           0       19847       10896        1771         254
           0           0
   real time =   118.9513       2.108200     secs
 buffer_xvp
   elapsed time =   6.922500     secs
 
   check PID range after buffer_v:                    36            1073741346
 total elapsed time =   242.6939       242.7714     secs
 
 -------------------------------------------------------
 timestep    :                  2099
 tau         :  4.5236208E-02  4.5247063E-02
 z         :   1.286162       1.284575    
 a         :  0.4374144      0.4375663      0.4377182    
 expansion :  6.9402216E-04
 dt        :  1.4409361E-03
 dt_e      :  0.2101172    
 dt_pm1    :  3.7588194E-02
 dt_pm2    :  2.4681797E-02
 dt_pm3    :  1.4922155E-02
 dt_pp     :  1.4409361E-03
 dt_vmax   :  0.1348736    
 cur_powerpoint :                    23   1.258400    
 
 drift
   dt_mid =  1.4409361E-03
   nlayer =           4
   tile overhead   73.82361     % full
   consumed tile_buffer =   2.214708     /   3.000000    
   clean buffer of rhoc
   npcheck,npglobal=            1073741824            1073741824
   elapsed time =   61.43720     secs
 
 buffer_np
 
 redistribute_cdm
   image overhead   55.37135     % full
   consumed image_buffer =   1.107427     /   2.000000    
   elapsed time =   6.601000     secs
 
 buffer_xvp
   elapsed time =   4.914300     secs
 
 
 Get Tf_nu
   save Pk in z =    1.286162            2098
   s_f    =   0.6671419    
   1-f_nu =   0.995420033112168     
   f_nus  =    1.00000000000000       0.000000000000000E+000
  0.000000000000000E+000
   f_nr   =   0.9951112                NaN            NaN
   ifs    =          121                   521
   k_fs   =   0.7245730    
       exterp   1.286162                        23        2098
   tf_F_correction         120  0.7141311      0.7245730      0.9954274    
   Pk_step   8137.621       59.52509      0.3767710      7.6517972E-06
   Pk_nu   544.7390      8.2584866E-06  3.5549710E-12  1.0828259E-17
   Pk_nu1   550.1046      8.3398309E-06  3.5899866E-12  1.0934914E-17
   Pk_nu2   9149.029      0.1451320      2.4380330E-07  6.4907020E-08
   Pk_nu3   9149.028      0.1451320      2.4380330E-07  6.4907006E-08
   tf_F  0.9966010      0.9954274      0.9954273      0.9954258    
   path
 /home/cossim/cube_nu/test/200_1024/sigle_nu_200_512_2_0.06_2/neutrinos/*/*_1.28
 62.txt
   real time =     2.798600     secs
 
 
 PM1
   assign density done
      forward start
      c2x   1.953100    
      xtran  6.3299999E-02
      x2y  0.5107000    
      ytran  6.4000003E-02
      y2z  0.5277000    
      ztran  6.9499999E-02
      z2y  0.5368000    
      y2x  0.5003000    
      pen_forward time   4.307500    
      forward done.   4.391300    
      backward done.   2.297200    
   pm%f2max =  1.6735434E+07
     sum of PM1 density =   118190358.148237     
   real time =   23.04160     secs
 
 PM2
   sum of PM2 density   118182656.165654        118182656.165654     
   vmax =   72.73457       61.00098       74.09676    
   f2max =  1.6762467E+08
   total team time =   70.4286997914314      secs
   real time =   10.09940     secs
 
 PM3
   sum of PM3 density   118190841.053652     
   vmax =   72.77431       60.35368       74.57401    
   f2max =  1.2365167E+09
   total team time =   732.598799500614      secs
   real time =   116.5788     secs
 
PM3 node 1 vmax=    72.774     60.354     74.574  f2max= 0.1E+10
PM3 node 2 vmax=    82.362     78.754     85.935  f2max= 0.2E+10
PM3 node 7 vmax=    68.829     72.579     72.814  f2max= 0.2E+10
PM3 node 8 vmax=    71.823     65.553     66.466  f2max= 0.1E+10
PM3 node 3 vmax=    60.822     65.907     67.647  f2max= 0.2E+10
PM3 node 4 vmax=    86.310     78.751     79.711  f2max= 0.2E+10
PM3 node 6 vmax=    94.056     81.858     84.530  f2max= 0.1E+10
PM3 node 5 vmax=    67.145     73.607     72.580  f2max= 0.2E+10
   node           1
     dt_vmax=  0.1689596    
     dt_pm1 =  5.1308509E-02
     dt_pm2 =  2.8841253E-02
     dt_pm3 =  1.7500427E-02
     dt_pp  =  1.4409361E-03
   node           2
     dt_vmax=  0.1466220    
     dt_pm1 =  5.0070811E-02
     dt_pm2 =  2.4633177E-02
     dt_pm3 =  1.6042599E-02
     dt_pp  =  1.4409361E-03
   node           3
     dt_vmax=  0.1862608    
     dt_pm1 =  5.8247991E-02
     dt_pm2 =  2.8059186E-02
     dt_pm3 =  1.6574664E-02
     dt_pp  =  1.4409361E-03
   node           4
     dt_vmax=  0.1459856    
     dt_pm1 =  4.5561027E-02
     dt_pm2 =  2.4588110E-02
     dt_pm3 =  1.6243100E-02
     dt_pp  =  1.4409361E-03
   node           5
     dt_vmax=  0.1711794    
     dt_pm1 =  5.2464619E-02
     dt_pm2 =  2.7456166E-02
     dt_pm3 =  1.6507491E-02
     dt_pp  =  1.4409361E-03
   node           6
     dt_vmax=  0.1339621    
     dt_pm1 =  3.7553802E-02
     dt_pm2 =  2.6872946E-02
     dt_pm3 =  1.8307064E-02
     dt_pp  =  1.4409361E-03
   node           7
     dt_vmax=  0.1730427    
     dt_pm1 =  4.8616860E-02
     dt_pm2 =  2.7380722E-02
     dt_pm3 =  1.4908327E-02
     dt_pp  =  1.4409361E-03
   node           8
     dt_vmax=  0.1754302    
     dt_pm1 =  5.7763070E-02
     dt_pm2 =  2.7515775E-02
     dt_pm3 =  1.7569013E-02
     dt_pp  =  1.4409361E-03
     napm =           0       19846       10894        1773         255
           0           0
   real time =   116.5788       2.297200     secs
 buffer_xvp
   elapsed time =   7.538100     secs
 
   check PID range after buffer_v:                    36            1073741346
 total elapsed time =   239.3823       239.4642     secs
 
 -------------------------------------------------------
 timestep    :                  2100
 tau         :  4.5247063E-02  4.5257919E-02
 z         :   1.284575       1.282989    
 a         :  0.4377182      0.4378702      0.4380223    
 expansion :  6.9438416E-04
 dt        :  1.4409361E-03
 dt_e      :  0.2100040    
 dt_pm1    :  3.7553802E-02
 dt_pm2    :  2.4588110E-02
 dt_pm3    :  1.4908327E-02
 dt_pp     :  1.4409361E-03
 dt_vmax   :  0.1339621    
 cur_powerpoint :                    23   1.258400    
 
 drift
   dt_mid =  1.4409361E-03
   nlayer =           4
   tile overhead   73.85454     % full
   consumed tile_buffer =   2.215636     /   3.000000    
   clean buffer of rhoc
   npcheck,npglobal=            1073741824            1073741824
   elapsed time =   60.42480     secs
 
 buffer_np
 
 redistribute_cdm
   image overhead   55.37512     % full
   consumed image_buffer =   1.107502     /   2.000000    
   elapsed time =   6.988900     secs
 
 buffer_xvp
   elapsed time =   5.218900     secs
 
 
 Get Tf_nu
   save Pk in z =    1.284575            2099
   s_f    =   0.6671674    
   1-f_nu =   0.995420033112168     
   f_nus  =    1.00000000000000       0.000000000000000E+000
  0.000000000000000E+000
   f_nr   =   0.9951180                NaN            NaN
   ifs    =          121                   521
   k_fs   =   0.7248246    
       exterp   1.284575                        23        2099
   tf_F_correction         120  0.7141311      0.7248246      0.9954274    
   Pk_step   8166.997       59.87284      0.3776430      7.6197575E-06
   Pk_nu   545.6564      8.3005007E-06  3.5858053E-12  1.0790516E-17
   Pk_nu1   551.0235      8.3821451E-06  3.6210754E-12  1.0896652E-17
   Pk_nu2   9160.378      0.1455124      2.4429968E-07  6.4678460E-08
   Pk_nu3   9160.378      0.1455124      2.4429968E-07  6.4678460E-08
   tf_F  0.9965999      0.9954274      0.9954273      0.9954258    
   path
 /home/cossim/cube_nu/test/200_1024/sigle_nu_200_512_2_0.06_2/neutrinos/*/*_1.28
 46.txt
   real time =     2.915400     secs
 
 
 PM1
   assign density done
      forward start
      c2x   1.965900    
      xtran  6.8800002E-02
      x2y  0.5830000    
      ytran  0.2846000    
      y2z  0.5899000    
      ztran  8.4299996E-02
      z2y  0.4853000    
      y2x  0.4964000    
      pen_forward time   4.639000    
      forward done.   4.759900    
      backward done.   1.935600    
   pm%f2max =  1.6807610E+07
     sum of PM1 density =   118180074.903768     
   real time =   23.32880     secs
 
 PM2
   sum of PM2 density   118172258.768899        118172258.768899     
   vmax =   72.72969       60.33333       74.67503    
   f2max =  1.6693002E+08
   total team time =   71.8838000893593      secs
   real time =   10.33690     secs
 
 PM3
   sum of PM3 density   118180399.423669     
   vmax =   72.69777       60.65989       74.86440    
   f2max =  1.2679100E+09
   total team time =   737.923300107475      secs
   real time =   117.4993     secs
 
PM3 node 1 vmax=    72.698     60.660     74.864  f2max= 0.1E+10
PM3 node 2 vmax=    82.582     79.199     85.470  f2max= 0.2E+10
PM3 node 3 vmax=    61.789     66.017     67.526  f2max= 0.1E+10
PM3 node 4 vmax=    86.394     78.700     79.516  f2max= 0.2E+10
PM3 node 5 vmax=    66.821     73.939     72.463  f2max= 0.2E+10
PM3 node 6 vmax=    94.557     82.204     84.838  f2max= 0.1E+10
PM3 node 7 vmax=    68.960     72.762     73.423  f2max= 0.2E+10
PM3 node 8 vmax=    72.164     65.516     66.426  f2max= 0.1E+10
   node           1
     dt_vmax=  0.1683043    
     dt_pm1 =  5.1235545E-02
     dt_pm2 =  2.8861189E-02
     dt_pm3 =  1.7385043E-02
     dt_pp  =  1.4409361E-03
   node           2
     dt_vmax=  0.1474210    
     dt_pm1 =  5.0018795E-02
     dt_pm2 =  2.4596095E-02
     dt_pm3 =  1.5969634E-02
     dt_pp  =  1.4409361E-03
   node           3
     dt_vmax=  0.1865958    
     dt_pm1 =  5.8171920E-02
     dt_pm2 =  2.8034545E-02
     dt_pm3 =  1.6683158E-02
     dt_pp  =  1.4409361E-03
   node           4
     dt_vmax=  0.1458431    
     dt_pm1 =  4.5485310E-02
     dt_pm2 =  2.4462227E-02
     dt_pm3 =  1.6118523E-02
     dt_pp  =  1.4409361E-03
   node           5
     dt_vmax=  0.1704105    
     dt_pm1 =  5.2367594E-02
     dt_pm2 =  2.7434831E-02
     dt_pm3 =  1.6474208E-02
     dt_pp  =  1.4409361E-03
   node           6
     dt_vmax=  0.1332522    
     dt_pm1 =  3.7519719E-02
     dt_pm2 =  2.6838204E-02
     dt_pm3 =  1.8144671E-02
     dt_pp  =  1.4409361E-03
   node           7
     dt_vmax=  0.1716095    
     dt_pm1 =  4.8533984E-02
     dt_pm2 =  2.7212985E-02
     dt_pm3 =  1.4905827E-02
     dt_pp  =  1.4409361E-03
   node           8
     dt_vmax=  0.1746026    
     dt_pm1 =  5.7718989E-02
     dt_pm2 =  2.7533226E-02
     dt_pm3 =  1.7626310E-02
     dt_pp  =  1.4409361E-03
     napm =           0       19846       10891        1774         257
           0           0
   real time =   117.4993       1.935600     secs
 buffer_xvp
   elapsed time =   7.053500     secs
 
   check PID range after buffer_v:                    36            1073741346
 total elapsed time =   239.4443       239.5087     secs
 
 -------------------------------------------------------
 timestep    :                  2101
 tau         :  4.5257919E-02  4.5268781E-02
 z         :   1.282989       1.281403    
 a         :  0.4380223      0.4381746      0.4383268    
 expansion :  6.9472560E-04
 dt        :  1.4409361E-03
 dt_e      :  0.2098907    
 dt_pm1    :  3.7519719E-02
 dt_pm2    :  2.4462227E-02
 dt_pm3    :  1.4905827E-02
 dt_pp     :  1.4409361E-03
 dt_vmax   :  0.1332522    
 cur_powerpoint :                    23   1.258400    
 
 drift
   dt_mid =  1.4409361E-03
   nlayer =           4
   tile overhead   73.88512     % full
   consumed tile_buffer =   2.216554     /   3.000000    
   clean buffer of rhoc
   npcheck,npglobal=            1073741824            1073741824
   elapsed time =   60.75140     secs
 
 buffer_np
 
 redistribute_cdm
   image overhead   55.37879     % full
   consumed image_buffer =   1.107576     /   2.000000    
   elapsed time =   6.478200     secs
 
 buffer_xvp
   elapsed time =   4.751200     secs
 
 
 Get Tf_nu
   save Pk in z =    1.282989            2100
   s_f    =   0.6671931    
   1-f_nu =   0.995420033112168     
   f_nus  =    1.00000000000000       0.000000000000000E+000
  0.000000000000000E+000
   f_nr   =   0.9951247                NaN            NaN
   ifs    =          121                   521
   k_fs   =   0.7250763    
       exterp   1.282989                        23        2100
   tf_F_correction         120  0.7141311      0.7250763      0.9954274    
   Pk_step   8196.612       60.22422      0.3785322      7.5885155E-06
   Pk_nu   546.5772      8.3453178E-06  3.6104631E-12  1.0752351E-17
   Pk_nu1   551.9459      8.4272888E-06  3.6459264E-12  1.0857965E-17
   Pk_nu2   9171.746      0.1458959      2.4481724E-07  6.4450155E-08
   Pk_nu3   9171.746      0.1458959      2.4481724E-07  6.4450155E-08
   tf_F  0.9965987      0.9954274      0.9954273      0.9954258    
   path
 /home/cossim/cube_nu/test/200_1024/sigle_nu_200_512_2_0.06_2/neutrinos/*/*_1.28
 30.txt
   real time =     2.902300     secs
 
 
 PM1
   assign density done
      forward start
      c2x   1.429900    
      xtran  7.2899997E-02
      x2y  0.5117000    
      ytran  8.3999999E-02
      y2z  0.5012000    
      ztran  0.2112000    
      z2y  0.5472000    
      y2x  0.5097000    
      pen_forward time   3.953700    
      forward done.   4.043900    
      backward done.   2.003800    
   pm%f2max =  1.6879322E+07
     sum of PM1 density =   118169785.806015     
   real time =   23.45020     secs
 
 PM2
   sum of PM2 density   118161851.623343        118161851.623343     
   vmax =   72.63226       60.65122       74.93437    
   f2max =  1.6617928E+08
   total team time =   70.2266002297401      secs
   real time =   9.921200     secs
 
 PM3
   sum of PM3 density   118170040.285441     
   vmax =   72.54152       60.90186       75.18543    
   f2max =  1.2904561E+09
   total team time =   719.655700440053      secs
   real time =   118.6154     secs
 
PM3 node 1 vmax=    72.542     60.902     75.185  f2max= 0.1E+10
PM3 node 2 vmax=    82.330     79.462     84.924  f2max= 0.2E+10
PM3 node 4 vmax=    86.262     78.500     79.242  f2max= 0.2E+10
PM3 node 5 vmax=    66.173     74.088     73.088  f2max= 0.2E+10
PM3 node 6 vmax=    94.889     82.375     85.065  f2max= 0.1E+10
PM3 node 7 vmax=    69.229     72.924     73.744  f2max= 0.2E+10
PM3 node 8 vmax=    72.314     65.253     66.176  f2max= 0.1E+10
PM3 node 3 vmax=    62.643     65.868     67.165  f2max= 0.1E+10
   node           1
     dt_vmax=  0.1675856    
     dt_pm1 =  5.1163260E-02
     dt_pm2 =  2.8883696E-02
     dt_pm3 =  1.7302591E-02
     dt_pp  =  1.4409361E-03
   node           2
     dt_vmax=  0.1483675    
     dt_pm1 =  4.9968094E-02
     dt_pm2 =  2.4570063E-02
     dt_pm3 =  1.5919831E-02
     dt_pp  =  1.4409361E-03
   node           3
     dt_vmax=  0.1875967    
     dt_pm1 =  5.8096107E-02
     dt_pm2 =  2.8013317E-02
     dt_pm3 =  1.6763166E-02
     dt_pp  =  1.4409361E-03
   node           4
     dt_vmax=  0.1460660    
     dt_pm1 =  4.5410071E-02
     dt_pm2 =  2.4342852E-02
     dt_pm3 =  1.6053574E-02
     dt_pp  =  1.4409361E-03
   node           5
     dt_vmax=  0.1700675    
     dt_pm1 =  5.2270859E-02
     dt_pm2 =  2.7414322E-02
     dt_pm3 =  1.6439892E-02
     dt_pp  =  1.4409361E-03
   node           6
     dt_vmax=  0.1327864    
     dt_pm1 =  3.7485868E-02
     dt_pm2 =  2.6804760E-02
     dt_pm3 =  1.7988902E-02
     dt_pp  =  1.4409361E-03
   node           7
     dt_vmax=  0.1708614    
     dt_pm1 =  4.8452083E-02
     dt_pm2 =  2.7050177E-02
     dt_pm3 =  1.4927725E-02
     dt_pp  =  1.4409361E-03
   node           8
     dt_vmax=  0.1742390    
     dt_pm1 =  5.7675321E-02
     dt_pm2 =  2.7556080E-02
     dt_pm3 =  1.7705422E-02
     dt_pp  =  1.4409361E-03
     napm =           0       19842       10893        1777         256
           0           0
   real time =   118.6154       2.003800     secs
 buffer_xvp
   elapsed time =   6.892100     secs
 
   check PID range after buffer_v:                    36            1073741346
 total elapsed time =   239.8592       239.9296     secs
 
 -------------------------------------------------------
 timestep    :                  2102
 tau         :  4.5268781E-02  4.5279641E-02
 z         :   1.281403       1.279817    
 a         :  0.4383268      0.4384793      0.4386317    
 expansion :  6.9516391E-04
 dt        :  1.4409361E-03
 dt_e      :  0.2097773    
 dt_pm1    :  3.7485868E-02
 dt_pm2    :  2.4342852E-02
 dt_pm3    :  1.4927725E-02
 dt_pp     :  1.4409361E-03
 dt_vmax   :  0.1327864    
 cur_powerpoint :                    23   1.258400    
 
 drift
   dt_mid =  1.4409361E-03
   nlayer =           4
   tile overhead   73.91586     % full
   consumed tile_buffer =   2.217476     /   3.000000    
   clean buffer of rhoc
   npcheck,npglobal=            1073741824            1073741824
   elapsed time =   61.42130     secs
 
 buffer_np
 
 redistribute_cdm
   image overhead   55.38257     % full
   consumed image_buffer =   1.107651     /   2.000000    
   elapsed time =   6.641300     secs
 
 buffer_xvp
   elapsed time =   5.275200     secs
 
 
 Get Tf_nu
   save Pk in z =    1.281403            2101
   s_f    =   0.6672187    
   1-f_nu =   0.995420033112168     
   f_nus  =    1.00000000000000       0.000000000000000E+000
  0.000000000000000E+000
   f_nr   =   0.9951314                NaN            NaN
   ifs    =          121                   521
   k_fs   =   0.7253284    
       exterp   1.281403                        23        2101
   tf_F_correction         120  0.7141311      0.7253284      0.9954274    
   Pk_step   8226.494       60.57941      0.3794379      7.5579796E-06
   Pk_nu   547.4999      8.3927589E-06  3.6289105E-12  1.0714557E-17
   Pk_nu1   552.8702      8.4750818E-06  3.6645058E-12  1.0819655E-17
   Pk_nu2   9183.183      0.1462804      2.4535356E-07  6.4222924E-08
   Pk_nu3   9183.182      0.1462804      2.4535356E-07  6.4222924E-08
   tf_F  0.9965975      0.9954274      0.9954273      0.9954258    
   path
 /home/cossim/cube_nu/test/200_1024/sigle_nu_200_512_2_0.06_2/neutrinos/*/*_1.28
 14.txt
   real time =     3.278100     secs
 
 
 PM1
   assign density done
      forward start
      c2x   2.768200    
      xtran  0.1555000    
      x2y  0.5101000    
      ytran  0.1038000    
      y2z  0.5780000    
      ztran  0.1165000    
      z2y  0.5273000    
      y2x  0.5550000    
      pen_forward time   5.440400    
      forward done.   5.547400    
      backward done.   2.196400    
   pm%f2max =  1.6949904E+07
     sum of PM1 density =   118159487.172174     
   real time =   23.99720     secs
 
 PM2
   sum of PM2 density   118151435.734437        118151435.734437     
   vmax =   72.45617       60.87344       75.28053    
   f2max =  1.6537630E+08
   total team time =   63.4838000535965      secs
   real time =   10.07980     secs
 
 PM3
   sum of PM3 density   118159592.605762     
   vmax =   72.39034       60.85059       75.24834    
   f2max =  1.2947269E+09
   total team time =   762.179899517447      secs
   real time =   116.5556     secs
 
PM3 node 1 vmax=    72.390     60.851     75.248  f2max= 0.1E+10
PM3 node 2 vmax=    81.760     79.471     84.797  f2max= 0.2E+10
PM3 node 3 vmax=    63.296     65.429     66.655  f2max= 0.1E+10
PM3 node 4 vmax=    85.965     78.394     79.393  f2max= 0.2E+10
PM3 node 5 vmax=    65.612     74.039     73.658  f2max= 0.2E+10
PM3 node 6 vmax=    95.034     82.356     85.221  f2max= 0.1E+10
PM3 node 7 vmax=    69.184     73.058     73.677  f2max= 0.2E+10
PM3 node 8 vmax=    72.337     65.228     65.691  f2max= 0.1E+10
   node           1
     dt_vmax=  0.1674456    
     dt_pm1 =  5.1092152E-02
     dt_pm2 =  2.8908640E-02
     dt_pm3 =  1.7282298E-02
     dt_pp  =  1.4409361E-03
   node           2
     dt_vmax=  0.1485903    
     dt_pm1 =  4.9919054E-02
     dt_pm2 =  2.4554217E-02
     dt_pm3 =  1.5889687E-02
     dt_pp  =  1.4409361E-03
   node           3
     dt_vmax=  0.1890345    
     dt_pm1 =  5.8020938E-02
     dt_pm2 =  2.7995350E-02
     dt_pm3 =  1.6889203E-02
     dt_pp  =  1.4409361E-03
   node           4
     dt_vmax=  0.1465712    
     dt_pm1 =  4.5335148E-02
     dt_pm2 =  2.4229838E-02
     dt_pm3 =  1.5982639E-02
     dt_pp  =  1.4409361E-03
   node           5
     dt_vmax=  0.1701810    
     dt_pm1 =  5.2174300E-02
     dt_pm2 =  2.7394572E-02
     dt_pm3 =  1.6352881E-02
     dt_pp  =  1.4409361E-03
   node           6
     dt_vmax=  0.1325836    
     dt_pm1 =  3.7452199E-02
     dt_pm2 =  2.6772521E-02
     dt_pm3 =  1.7843669E-02
     dt_pp  =  1.4409361E-03
   node           7
     dt_vmax=  0.1710160    
     dt_pm1 =  4.8370961E-02
     dt_pm2 =  2.6892308E-02
     dt_pm3 =  1.4968386E-02
     dt_pp  =  1.4409361E-03
   node           8
     dt_vmax=  0.1741851    
     dt_pm1 =  5.7631839E-02
     dt_pm2 =  2.7584288E-02
     dt_pm3 =  1.7789379E-02
     dt_pp  =  1.4409361E-03
     napm =           0       19830       10903        1779         256
           0           0
   real time =   116.5556       2.196400     secs
 buffer_xvp
   elapsed time =   6.989200     secs
 
   check PID range after buffer_v:                    36            1073741346
 total elapsed time =   246.0572       246.1530     secs
 
 -------------------------------------------------------
 timestep    :                  2103
 tau         :  4.5279641E-02  4.5290511E-02
 z         :   1.279817       1.278231    
 a         :  0.4386317      0.4387844      0.4389370    
 expansion :  6.9554767E-04
 dt        :  1.4409361E-03
 dt_e      :  0.2096639    
 dt_pm1    :  3.7452199E-02
 dt_pm2    :  2.4229838E-02
 dt_pm3    :  1.4968386E-02
 dt_pp     :  1.4409361E-03
 dt_vmax   :  0.1325836    
 cur_powerpoint :                    23   1.258400    
 
 drift
   dt_mid =  1.4409361E-03
   nlayer =           4
   tile overhead   73.94714     % full
   consumed tile_buffer =   2.218414     /   3.000000    
   clean buffer of rhoc
   npcheck,npglobal=            1073741824            1073741824
   elapsed time =   62.35430     secs
 
 buffer_np
 
 redistribute_cdm
   image overhead   55.38638     % full
   consumed image_buffer =   1.107728     /   2.000000    
   elapsed time =   7.175300     secs
 
 buffer_xvp
   elapsed time =   4.995500     secs
 
 
 Get Tf_nu
   save Pk in z =    1.279817            2102
   s_f    =   0.6672443    
   1-f_nu =   0.995420033112168     
   f_nus  =    1.00000000000000       0.000000000000000E+000
  0.000000000000000E+000
   f_nr   =   0.9951381                NaN            NaN
   ifs    =          121                   521
   k_fs   =   0.7255806    
       exterp   1.279817                        23        2102
   tf_F_correction         120  0.7141311      0.7255806      0.9954274    
   Pk_step   8256.601       60.93831      0.3803596      7.5281687E-06
   Pk_nu   548.4220      8.4426902E-06  3.6452946E-12  1.0677217E-17
   Pk_nu1   553.7939      8.5253878E-06  3.6810008E-12  1.0781802E-17
   Pk_nu2   9194.570      0.1466654      2.4590733E-07  6.3996985E-08
   Pk_nu3   9194.570      0.1466654      2.4590733E-07  6.3996985E-08
   tf_F  0.9965964      0.9954274      0.9954273      0.9954258    
   path
 /home/cossim/cube_nu/test/200_1024/sigle_nu_200_512_2_0.06_2/neutrinos/*/*_1.27
 98.txt
   real time =     2.902400     secs
 
 
 PM1
   assign density done
      forward start
      c2x   3.208600    
      xtran  7.5599998E-02
      x2y  0.5729000    
      ytran  8.7700002E-02
      y2z  0.5975000    
      ztran  7.9000004E-02
      z2y  0.5419000    
      y2x  0.5002000    
      pen_forward time   5.733700    
      forward done.   5.803500    
      backward done.   1.981200    
   pm%f2max =  1.7019588E+07
     sum of PM1 density =   118149177.427327     
   real time =   22.71260     secs
 
 PM2
   sum of PM2 density   118141010.210058        118141010.210058     
   vmax =   72.45756       60.82881       75.31111    
   f2max =  1.6469958E+08
   total team time =   73.4254998564720      secs
   real time =   10.03970     secs
 
 PM3
   sum of PM3 density   118149114.034730     
   vmax =   72.51800       61.40271       75.00964    
   f2max =  1.2820778E+09
   total team time =   680.604200120550      secs
   real time =   115.0301     secs
 
PM3 node 1 vmax=    72.518     61.403     75.010  f2max= 0.1E+10
PM3 node 2 vmax=    81.284     79.173     84.645  f2max= 0.2E+10
PM3 node 3 vmax=    63.663     65.490     66.431  f2max= 0.1E+10
PM3 node 4 vmax=    86.472     78.816     79.498  f2max= 0.2E+10
PM3 node 5 vmax=    65.136     74.242     74.010  f2max= 0.2E+10
PM3 node 6 vmax=    94.996     82.178     85.334  f2max= 0.1E+10
PM3 node 7 vmax=    69.607     73.156     73.181  f2max= 0.2E+10
PM3 node 8 vmax=    72.276     65.690     64.973  f2max= 0.1E+10
   node           1
     dt_vmax=  0.1679784    
     dt_pm1 =  5.1022027E-02
     dt_pm2 =  2.8928228E-02
     dt_pm3 =  1.7318744E-02
     dt_pp  =  1.4409361E-03
   node           2
     dt_vmax=  0.1488572    
     dt_pm1 =  4.9871314E-02
     dt_pm2 =  2.4547519E-02
     dt_pm3 =  1.5878091E-02
     dt_pp  =  1.4409361E-03
   node           3
     dt_vmax=  0.1896705    
     dt_pm1 =  5.7946194E-02
     dt_pm2 =  2.7914204E-02
     dt_pm3 =  1.6940812E-02
     dt_pp  =  1.4409361E-03
   node           4
     dt_vmax=  0.1457121    
     dt_pm1 =  4.5260813E-02
     dt_pm2 =  2.4123071E-02
     dt_pm3 =  1.5963359E-02
     dt_pp  =  1.4409361E-03
   node           5
     dt_vmax=  0.1697161    
     dt_pm1 =  5.2077927E-02
     dt_pm2 =  2.7375601E-02
     dt_pm3 =  1.6292017E-02
     dt_pp  =  1.4409361E-03
   node           6
     dt_vmax=  0.1326370    
     dt_pm1 =  3.7418880E-02
     dt_pm2 =  2.6741361E-02
     dt_pm3 =  1.7716380E-02
     dt_pp  =  1.4409361E-03
   node           7
     dt_vmax=  0.1721769    
     dt_pm1 =  4.8290577E-02
     dt_pm2 =  2.6739394E-02
     dt_pm3 =  1.5022863E-02
     dt_pp  =  1.4409361E-03
   node           8
     dt_vmax=  0.1743318    
     dt_pm1 =  5.7588663E-02
     dt_pm2 =  2.7608462E-02
     dt_pm3 =  1.7878287E-02
     dt_pp  =  1.4409361E-03
     napm =           0       19829       10899        1784         256
           0           0
   real time =   115.0301       1.981200     secs
 buffer_xvp
   elapsed time =   6.536300     secs
 
   check PID range after buffer_v:                    36            1073741346
 total elapsed time =   242.5263       242.6101     secs
 
 -------------------------------------------------------
 timestep    :                  2104
 tau         :  4.5290511E-02  4.5301378E-02
 z         :   1.278231       1.276646    
 a         :  0.4389370      0.4390899      0.4392427    
 expansion :  6.9593324E-04
 dt        :  1.4409361E-03
 dt_e      :  0.2095502    
 dt_pm1    :  3.7418880E-02
 dt_pm2    :  2.4123071E-02
 dt_pm3    :  1.5022863E-02
 dt_pp     :  1.4409361E-03
 dt_vmax   :  0.1326370    
 cur_powerpoint :                    23   1.258400    
 
 drift
   dt_mid =  1.4409361E-03
   nlayer =           4
   tile overhead   73.97737     % full
   consumed tile_buffer =   2.219321     /   3.000000    
   clean buffer of rhoc
   npcheck,npglobal=            1073741824            1073741824
   elapsed time =   62.33110     secs
 
 buffer_np
 
 redistribute_cdm
   image overhead   55.39024     % full
   consumed image_buffer =   1.107805     /   2.000000    
   elapsed time =   6.619300     secs
 
 buffer_xvp
   elapsed time =   4.798400     secs
 
 
 Get Tf_nu
   save Pk in z =    1.278231            2103
   s_f    =   0.6672699    
   1-f_nu =   0.995420033112168     
   f_nus  =    1.00000000000000       0.000000000000000E+000
  0.000000000000000E+000
   f_nr   =   0.9951448                NaN            NaN
   ifs    =          121                   521
   k_fs   =   0.7258331    
       exterp   1.278231                        23        2103
   tf_F_correction         120  0.7141311      0.7258331      0.9954274    
   Pk_step   8286.977       61.30074      0.3812974      7.4991349E-06
   Pk_nu   549.3499      8.4952762E-06  3.6605276E-12  1.0639510E-17
   Pk_nu1   554.7233      8.5783722E-06  3.6963327E-12  1.0743580E-17
   Pk_nu2   9206.049      0.1470533      2.4648068E-07  6.3771402E-08
   Pk_nu3   9206.048      0.1470533      2.4648068E-07  6.3771402E-08
   tf_F  0.9965952      0.9954274      0.9954273      0.9954258    
   path
 /home/cossim/cube_nu/test/200_1024/sigle_nu_200_512_2_0.06_2/neutrinos/*/*_1.27
 82.txt
   real time =     2.878800     secs
 
 
 PM1
   assign density done
      forward start
      c2x   2.322700    
      xtran  9.1200002E-02
      x2y  0.5147000    
      ytran  6.8499997E-02
      y2z  0.5252000    
      ztran  9.0700001E-02
      z2y  0.5263000    
      y2x  0.4951000    
      pen_forward time   4.700900    
      forward done.   4.776100    
      backward done.   2.230300    
   pm%f2max =  1.7088540E+07
     sum of PM1 density =   118138859.585292     
   real time =   23.64330     secs
 
 PM2
   sum of PM2 density   118130575.856673        118130575.856673     
   vmax =   72.56530       61.41636       75.04068    
   f2max =  1.6563808E+08
   total team time =   68.0979002714157      secs
   real time =   9.947600     secs
 
 PM3
   sum of PM3 density   118138737.155064     
   vmax =   72.59584       61.96169       74.55051    
   f2max =  1.2659480E+09
   total team time =   748.710500785150      secs
   real time =   116.9360     secs
 
PM3 node 1 vmax=    72.596     61.962     74.551  f2max= 0.1E+10
PM3 node 2 vmax=    80.858     78.815     84.374  f2max= 0.2E+10
PM3 node 3 vmax=    63.714     66.189     66.100  f2max= 0.1E+10
PM3 node 4 vmax=    87.719     79.089     79.544  f2max= 0.2E+10
PM3 node 6 vmax=    94.814     82.642     85.429  f2max= 0.1E+10
PM3 node 7 vmax=    69.831     73.208     72.294  f2max= 0.2E+10
PM3 node 8 vmax=    72.157     66.060     65.556  f2max= 0.1E+10
PM3 node 5 vmax=    65.521     74.582     74.177  f2max= 0.2E+10
   node           1
     dt_vmax=  0.1690129    
     dt_pm1 =  5.0952747E-02
     dt_pm2 =  2.8877115E-02
     dt_pm3 =  1.7367603E-02
     dt_pp  =  1.4409361E-03
   node           2
     dt_vmax=  0.1493346    
     dt_pm1 =  4.9825095E-02
     dt_pm2 =  2.4549045E-02
     dt_pm3 =  1.5854150E-02
     dt_pp  =  1.4409361E-03
   node           3
     dt_vmax=  0.1903653    
     dt_pm1 =  5.7871666E-02
     dt_pm2 =  2.7812647E-02
     dt_pm3 =  1.7065087E-02
     dt_pp  =  1.4409361E-03
   node           4
     dt_vmax=  0.1436405    
     dt_pm1 =  4.5186769E-02
     dt_pm2 =  2.4022462E-02
     dt_pm3 =  1.5932685E-02
     dt_pp  =  1.4409361E-03
   node           5
     dt_vmax=  0.1689427    
     dt_pm1 =  5.1981959E-02
     dt_pm2 =  2.7357385E-02
     dt_pm3 =  1.6265305E-02
     dt_pp  =  1.4409361E-03
   node           6
     dt_vmax=  0.1328924    
     dt_pm1 =  3.7385866E-02
     dt_pm2 =  2.6711147E-02
     dt_pm3 =  1.7616918E-02
     dt_pp  =  1.4409361E-03
   node           7
     dt_vmax=  0.1721123    
     dt_pm1 =  4.8210863E-02
     dt_pm2 =  2.6591364E-02
     dt_pm3 =  1.5081577E-02
     dt_pp  =  1.4409361E-03
   node           8
     dt_vmax=  0.1746189    
     dt_pm1 =  5.7545748E-02
     dt_pm2 =  2.7596990E-02
     dt_pm3 =  1.7973049E-02
     dt_pp  =  1.4409361E-03
     napm =           0       19834       10895        1783         256
           0           0
   real time =   116.9360       2.230300     secs
 buffer_xvp
   elapsed time =   6.907700     secs
 
   check PID range after buffer_v:                    36            1073741346
 total elapsed time =   240.4195       240.6113     secs
 
 -------------------------------------------------------
 timestep    :                  2105
 tau         :  4.5301378E-02  4.5312252E-02
 z         :   1.276646       1.275060    
 a         :  0.4392427      0.4393957      0.4395488    
 expansion :  6.9624197E-04
 dt        :  1.4409361E-03
 dt_e      :  0.2094368    
 dt_pm1    :  3.7385866E-02
 dt_pm2    :  2.4022462E-02
 dt_pm3    :  1.5081577E-02
 dt_pp     :  1.4409361E-03
 dt_vmax   :  0.1328924    
 cur_powerpoint :                    23   1.258400    
 
 drift
   dt_mid =  1.4409361E-03
   nlayer =           4
   tile overhead   74.00793     % full
   consumed tile_buffer =   2.220238     /   3.000000    
   clean buffer of rhoc
   npcheck,npglobal=            1073741824            1073741824
   elapsed time =   61.99200     secs
 
 buffer_np
 
 redistribute_cdm
   image overhead   55.39393     % full
   consumed image_buffer =   1.107879     /   2.000000    
   elapsed time =   6.799600     secs
 
 buffer_xvp
   elapsed time =   4.749000     secs
 
 
 Get Tf_nu
   save Pk in z =    1.276646            2104
   s_f    =   0.6672955    
   1-f_nu =   0.995420033112168     
   f_nus  =    1.00000000000000       0.000000000000000E+000
  0.000000000000000E+000
   f_nr   =   0.9951515                NaN            NaN
   ifs    =          121                   521
   k_fs   =   0.7260857    
       exterp   1.276646                        23        2104
   tf_F_correction         120  0.7141311      0.7260857      0.9954274    
   Pk_step   8317.599       61.66732      0.3822519      7.4707823E-06
   Pk_nu   550.2758      8.5503061E-06  3.6732410E-12  1.0602177E-17
   Pk_nu1   555.6509      8.6338250E-06  3.7091207E-12  1.0705739E-17
   Pk_nu2   9217.508      0.1474423      2.4707120E-07  6.3546850E-08
   Pk_nu3   9217.508      0.1474423      2.4707120E-07  6.3546850E-08
   tf_F  0.9965941      0.9954274      0.9954273      0.9954258    
   path
 /home/cossim/cube_nu/test/200_1024/sigle_nu_200_512_2_0.06_2/neutrinos/*/*_1.27
 66.txt
   real time =     2.810500     secs
 
 
 PM1
   assign density done
      forward start
      c2x   1.684100    
      xtran  6.2399998E-02
      x2y  0.5307000    
      ytran  7.4100003E-02
      y2z  0.5321000    
      ztran  7.1099997E-02
      z2y  0.5282000    
      y2x  0.5164000    
      pen_forward time   4.071500    
      forward done.   4.145900    
      backward done.   2.062400    
   pm%f2max =  1.7156516E+07
     sum of PM1 density =   118128530.333061     
   real time =   23.73380     secs
 
 PM2
   sum of PM2 density   118120132.194650        118120132.194650     
   vmax =   72.62372       61.95551       74.55125    
   f2max =  1.6656069E+08
   total team time =   69.7905998826027      secs
   real time =   9.931700     secs
 
 PM3
   sum of PM3 density   118128334.612744     
   vmax =   72.62239       62.20853       73.96805    
   f2max =  1.2298668E+09
   total team time =   677.656300331466      secs
   real time =   114.1438     secs
 
PM3 node 1 vmax=    72.622     62.209     73.968  f2max= 0.1E+10
PM3 node 2 vmax=    80.835     78.831     84.481  f2max= 0.2E+10
PM3 node 3 vmax=    63.948     66.791     66.277  f2max= 0.1E+10
PM3 node 4 vmax=    88.946     79.210     79.505  f2max= 0.2E+10
PM3 node 5 vmax=    66.256     74.637     74.198  f2max= 0.2E+10
PM3 node 6 vmax=    94.864     82.883     85.513  f2max= 0.1E+10
PM3 node 7 vmax=    69.762     73.206     71.121  f2max= 0.2E+10
PM3 node 8 vmax=    72.004     66.250     66.117  f2max= 0.1E+10
   node           1
     dt_vmax=  0.1703438    
     dt_pm1 =  5.0884485E-02
     dt_pm2 =  2.8827006E-02
     dt_pm3 =  1.7487517E-02
     dt_pp  =  1.4409361E-03
   node           2
     dt_vmax=  0.1491456    
     dt_pm1 =  4.9780231E-02
     dt_pm2 =  2.4557918E-02
     dt_pm3 =  1.5827851E-02
     dt_pp  =  1.4409361E-03
   node           3
     dt_vmax=  0.1886484    
     dt_pm1 =  5.7797849E-02
     dt_pm2 =  2.7715635E-02
     dt_pm3 =  1.6985830E-02
     dt_pp  =  1.4409361E-03
   node           4
     dt_vmax=  0.1416593    
     dt_pm1 =  4.5113362E-02
     dt_pm2 =  2.3928195E-02
     dt_pm3 =  1.5833506E-02
     dt_pp  =  1.4409361E-03
   node           5
     dt_vmax=  0.1688172    
     dt_pm1 =  5.1886238E-02
     dt_pm2 =  2.7339894E-02
     dt_pm3 =  1.6278511E-02
     dt_pp  =  1.4409361E-03
   node           6
     dt_vmax=  0.1328219    
     dt_pm1 =  3.7352912E-02
     dt_pm2 =  2.6681624E-02
     dt_pm3 =  1.7428165E-02
     dt_pp  =  1.4409361E-03
   node           7
     dt_vmax=  0.1721180    
     dt_pm1 =  4.8132185E-02
     dt_pm2 =  2.6448259E-02
     dt_pm3 =  1.5148526E-02
     dt_pp  =  1.4409361E-03
   node           8
     dt_vmax=  0.1749896    
     dt_pm1 =  5.7503045E-02
     dt_pm2 =  2.7591191E-02
     dt_pm3 =  1.8029980E-02
     dt_pp  =  1.4409361E-03
     napm =           0       19836       10894        1782         256
           0           0
   real time =   114.1438       2.062400     secs
 buffer_xvp
   elapsed time =   7.165300     secs
 
   check PID range after buffer_v:                    37            1073741346
 total elapsed time =   237.9729       238.0360     secs
 
 -------------------------------------------------------
 timestep    :                  2106
 tau         :  4.5312252E-02  4.5323122E-02
 z         :   1.275060       1.273476    
 a         :  0.4395488      0.4397019      0.4398551    
 expansion :  6.9654977E-04
 dt        :  1.4409361E-03
 dt_e      :  0.2093230    
 dt_pm1    :  3.7352912E-02
 dt_pm2    :  2.3928195E-02
 dt_pm3    :  1.5148526E-02
 dt_pp     :  1.4409361E-03
 dt_vmax   :  0.1328219    
 cur_powerpoint :                    23   1.258400    
 
 drift
   dt_mid =  1.4409361E-03
   nlayer =           4
   tile overhead   74.03985     % full
   consumed tile_buffer =   2.221195     /   3.000000    
   clean buffer of rhoc
   npcheck,npglobal=            1073741824            1073741824
   elapsed time =   62.33960     secs
 
 buffer_np
 
 redistribute_cdm
   image overhead   55.39780     % full
   consumed image_buffer =   1.107956     /   2.000000    
   elapsed time =   6.439100     secs
 
 buffer_xvp
   elapsed time =   5.018200     secs
 
 
 Get Tf_nu
   save Pk in z =    1.275060            2105
   s_f    =   0.6673211    
   1-f_nu =   0.995420033112168     
   f_nus  =    1.00000000000000       0.000000000000000E+000
  0.000000000000000E+000
   f_nr   =   0.9951582                NaN            NaN
   ifs    =          121                   521
   k_fs   =   0.7263387    
       exterp   1.275060                        23        2105
   tf_F_correction         120  0.7141311      0.7263387      0.9954274    
   Pk_step   8348.479       62.03764      0.3832236      7.4431041E-06
   Pk_nu   551.2061      8.6077016E-06  3.6846862E-12  1.0564992E-17
   Pk_nu1   556.5828      8.6916643E-06  3.7206280E-12  1.0668047E-17
   Pk_nu2   9228.983      0.1478326      2.4767823E-07  6.3323206E-08
   Pk_nu3   9228.981      0.1478326      2.4767823E-07  6.3323206E-08
   tf_F  0.9965929      0.9954274      0.9954273      0.9954258    
   path
 /home/cossim/cube_nu/test/200_1024/sigle_nu_200_512_2_0.06_2/neutrinos/*/*_1.27
 51.txt
   real time =     3.303600     secs
 
 
 PM1
   assign density done
      forward start
      c2x   2.428900    
      xtran  7.7799998E-02
      x2y  0.5462000    
      ytran  7.0299998E-02
      y2z  0.5878000    
      ztran  6.8599999E-02
      z2y  0.5586000    
      y2x  0.5540000    
      pen_forward time   4.963600    
      forward done.   5.038900    
      backward done.   2.085700    
   pm%f2max =  1.7223660E+07
     sum of PM1 density =   118118190.357058     
   real time =   23.64080     secs
 
 PM2
   sum of PM2 density   118109679.500678        118109679.500678     
   vmax =   72.63128       62.18153       73.98366    
   f2max =  1.6746320E+08
   total team time =   67.5691996812820      secs
   real time =   10.05110     secs
 
 PM3
   sum of PM3 density   118117899.482236     
   vmax =   72.59240       62.09196       73.91945    
   f2max =  1.2325331E+09
   total team time =   778.408799224999      secs
   real time =   116.2278     secs
 
PM3 node 1 vmax=    72.592     62.092     73.919  f2max= 0.1E+10
PM3 node 2 vmax=    81.005     78.613     84.888  f2max= 0.2E+10
PM3 node 3 vmax=    64.486     67.218     66.270  f2max= 0.2E+10
PM3 node 4 vmax=    90.120     79.191     79.361  f2max= 0.2E+10
PM3 node 5 vmax=    66.547     74.414     74.102  f2max= 0.2E+10
PM3 node 6 vmax=    95.077     82.858     85.579  f2max= 0.1E+10
PM3 node 7 vmax=    69.893     73.260     71.075  f2max= 0.2E+10
PM3 node 8 vmax=    71.820     66.294     66.759  f2max= 0.1E+10
   node           1
     dt_vmax=  0.1704558    
     dt_pm1 =  5.0817117E-02
     dt_pm2 =  2.8778061E-02
     dt_pm3 =  1.7471964E-02
     dt_pp  =  1.4409361E-03
   node           2
     dt_vmax=  0.1484303    
     dt_pm1 =  4.9736705E-02
     dt_pm2 =  2.4573414E-02
     dt_pm3 =  1.5815470E-02
     dt_pp  =  1.4409361E-03
   node           3
     dt_vmax=  0.1874512    
     dt_pm1 =  5.7724338E-02
     dt_pm2 =  2.7623229E-02
     dt_pm3 =  1.6630309E-02
     dt_pp  =  1.4409361E-03
   node           4
     dt_vmax=  0.1398135    
     dt_pm1 =  4.5040261E-02
     dt_pm2 =  2.3840234E-02
     dt_pm3 =  1.5764063E-02
     dt_pp  =  1.4409361E-03
   node           5
     dt_vmax=  0.1693228    
     dt_pm1 =  5.1790707E-02
     dt_pm2 =  2.7323183E-02
     dt_pm3 =  1.6321499E-02
     dt_pp  =  1.4409361E-03
   node           6
     dt_vmax=  0.1325238    
     dt_pm1 =  3.7320439E-02
     dt_pm2 =  2.6652612E-02
     dt_pm3 =  1.7248617E-02
     dt_pp  =  1.4409361E-03
   node           7
     dt_vmax=  0.1719895    
     dt_pm1 =  4.8054211E-02
     dt_pm2 =  2.6310105E-02
     dt_pm3 =  1.5223180E-02
     dt_pp  =  1.4409361E-03
   node           8
     dt_vmax=  0.1754391    
     dt_pm1 =  5.7460636E-02
     dt_pm2 =  2.7590869E-02
     dt_pm3 =  1.8039044E-02
     dt_pp  =  1.4409361E-03
     napm =           0       19829       10900        1785         254
           0           0
   real time =   116.2278       2.085700     secs
 buffer_xvp
   elapsed time =   6.710500     secs
 
   check PID range after buffer_v:                    37            1073741346
 total elapsed time =   240.5888       240.6753     secs
 
 -------------------------------------------------------
 timestep    :                  2107
 tau         :  4.5323122E-02  4.5334000E-02
 z         :   1.273476       1.271891    
 a         :  0.4398551      0.4400085      0.4401619    
 expansion :  6.9688784E-04
 dt        :  1.4409361E-03
 dt_e      :  0.2092092    
 dt_pm1    :  3.7320439E-02
 dt_pm2    :  2.3840234E-02
 dt_pm3    :  1.5223180E-02
 dt_pp     :  1.4409361E-03
 dt_vmax   :  0.1325238    
 cur_powerpoint :                    23   1.258400    
 
 drift
   dt_mid =  1.4409361E-03
   nlayer =           4
   tile overhead   74.07202     % full
   consumed tile_buffer =   2.222161     /   3.000000    
   clean buffer of rhoc
   npcheck,npglobal=            1073741824            1073741824
   elapsed time =   65.15310     secs
 
 buffer_np
 
 redistribute_cdm
   image overhead   55.40164     % full
   consumed image_buffer =   1.108033     /   2.000000    
   elapsed time =   6.974000     secs
 
 buffer_xvp
   elapsed time =   5.216800     secs
 
 
 Get Tf_nu
   save Pk in z =    1.273476            2106
   s_f    =   0.6673467    
   1-f_nu =   0.995420033112168     
   f_nus  =    1.00000000000000       0.000000000000000E+000
  0.000000000000000E+000
   f_nr   =   0.9951649                NaN            NaN
   ifs    =          121                   521
   k_fs   =   0.7265918    
       exterp   1.273476                        23        2106
   tf_F_correction         120  0.7141311      0.7265918      0.9954274    
   Pk_step   8379.613       62.41150      0.3842131      7.4161785E-06
   Pk_nu   552.1370      8.6672599E-06  3.6973788E-12  1.0528304E-17
   Pk_nu1   557.5153      8.7516855E-06  3.7333938E-12  1.0630857E-17
   Pk_nu2   9240.448      0.1482241      2.4830052E-07  6.3101012E-08
   Pk_nu3   9240.448      0.1482241      2.4830052E-07  6.3101012E-08
   tf_F  0.9965917      0.9954274      0.9954273      0.9954258    
   path
 /home/cossim/cube_nu/test/200_1024/sigle_nu_200_512_2_0.06_2/neutrinos/*/*_1.27
 35.txt
   real time =     3.019800     secs
 
 
 PM1
   assign density done
      forward start
      c2x   3.000700    
      xtran  6.6500001E-02
      x2y  0.5162000    
      ytran  8.2199998E-02
      y2z  0.5373000    
      ztran  8.9400001E-02
      z2y  0.5556000    
      y2x  0.5033000    
      pen_forward time   5.432000    
      forward done.   5.516700    
      backward done.   2.200600    
   pm%f2max =  1.7289920E+07
     sum of PM1 density =   118107844.167686     
   real time =   23.15420     secs
 
 PM2
   sum of PM2 density   118099217.443947        118099217.443947     
   vmax =   72.58261       62.04393       73.90675    
   f2max =  1.6834523E+08
   total team time =   69.1990999579430      secs
   real time =   10.23500     secs
 
 PM3
                     2 a66a66
   sum of PM3 density   118107437.855108     
   vmax =   72.50365       62.26134       74.44069    
   f2max =  1.2424922E+09
   total team time =   714.316900307778      secs
   real time =   114.3807     secs
 
PM3 node 1 vmax=    72.504     62.261     74.441  f2max= 0.1E+10
PM3 node 5 vmax=    66.682     74.021     73.903  f2max= 0.2E+10
PM3 node 2 vmax=    80.795     78.150     85.278  f2max= 0.2E+10
PM3 node 3 vmax=    64.699     67.403     66.144  f2max= 0.2E+10
PM3 node 6 vmax=    94.953     82.583     85.616  f2max= 0.1E+10
PM3 node 7 vmax=    70.013     73.368     71.030  f2max= 0.2E+10
PM3 node 8 vmax=    71.902     66.213     67.282  f2max= 0.1E+10
PM3 node 4 vmax=    91.184     79.299     79.095  f2max= 0.2E+10
   node           1
     dt_vmax=  0.1692623    
     dt_pm1 =  5.0750669E-02
     dt_pm2 =  2.8730279E-02
     dt_pm3 =  1.7430771E-02
     dt_pp  =  1.4409361E-03
   node           2
     dt_vmax=  0.1477521    
     dt_pm1 =  4.9694676E-02
     dt_pm2 =  2.4594873E-02
     dt_pm3 =  1.4966638E-02
     dt_pp  =  1.4409361E-03
   node           3
     dt_vmax=  0.1869357    
     dt_pm1 =  5.7651218E-02
     dt_pm2 =  2.7535612E-02
     dt_pm3 =  1.6348194E-02
     dt_pp  =  1.4409361E-03
   node           4
     dt_vmax=  0.1381825    
     dt_pm1 =  4.4967752E-02
     dt_pm2 =  2.3758879E-02
     dt_pm3 =  1.5656816E-02
     dt_pp  =  1.4409361E-03
   node           5
     dt_vmax=  0.1702221    
     dt_pm1 =  5.1695440E-02
     dt_pm2 =  2.7307173E-02
     dt_pm3 =  1.6315915E-02
     dt_pp  =  1.4409361E-03
   node           6
     dt_vmax=  0.1326971    
     dt_pm1 =  3.7288111E-02
     dt_pm2 =  2.6623990E-02
     dt_pm3 =  1.7108664E-02
     dt_pp  =  1.4409361E-03
   node           7
     dt_vmax=  0.1717381    
     dt_pm1 =  4.7977112E-02
     dt_pm2 =  2.6176943E-02
     dt_pm3 =  1.5248408E-02
     dt_pp  =  1.4409361E-03
   node           8
     dt_vmax=  0.1752391    
     dt_pm1 =  5.7418302E-02
     dt_pm2 =  2.7595917E-02
     dt_pm3 =  1.8026020E-02
     dt_pp  =  1.4409361E-03
     napm =           0       19829       10903        1782         253
           1           0
   real time =   114.3807       2.200600     secs
 buffer_xvp
   elapsed time =   6.837800     secs
 
   check PID range after buffer_v:                    37            1073741346
 total elapsed time =   240.6721       240.7426     secs
 
 -------------------------------------------------------
 timestep    :                  2108
 tau         :  4.5334000E-02  4.5344882E-02
 z         :   1.271891       1.270307    
 a         :  0.4401619      0.4403155      0.4404690    
 expansion :  6.9726101E-04
 dt        :  1.4409361E-03
 dt_e      :  0.2090955    
 dt_pm1    :  3.7288111E-02
 dt_pm2    :  2.3758879E-02
 dt_pm3    :  1.4966638E-02
 dt_pp     :  1.4409361E-03
 dt_vmax   :  0.1326971    
 cur_powerpoint :                    23   1.258400    
 
 drift
   dt_mid =  1.4409361E-03
   nlayer =           4
   tile overhead   74.10340     % full
   consumed tile_buffer =   2.223102     /   3.000000    
   clean buffer of rhoc
   npcheck,npglobal=            1073741824            1073741824
   elapsed time =   63.22050     secs
 
 buffer_np
 
 redistribute_cdm
   image overhead   55.40554     % full
   consumed image_buffer =   1.108111     /   2.000000    
   elapsed time =   6.385000     secs
 
 buffer_xvp
   elapsed time =   5.279000     secs
 
 
 Get Tf_nu
   save Pk in z =    1.271891            2107
   s_f    =   0.6673723    
   1-f_nu =   0.995420033112168     
   f_nus  =    1.00000000000000       0.000000000000000E+000
  0.000000000000000E+000
   f_nr   =   0.9951716                NaN            NaN
   ifs    =          121                   521
   k_fs   =   0.7268450    
       exterp   1.271891                        23        2107
   tf_F_correction         120  0.7141311      0.7268450      0.9954274    
   Pk_step   8411.002       62.78976      0.3852184      7.3899437E-06
   Pk_nu   553.0709      8.7291537E-06  3.7104868E-12  1.0491238E-17
   Pk_nu1   558.4507      8.8140641E-06  3.7465790E-12  1.0593288E-17
   Pk_nu2   9251.975      0.1486176      2.4893995E-07  6.2879309E-08
   Pk_nu3   9251.975      0.1486176      2.4893995E-07  6.2879309E-08
   tf_F  0.9965904      0.9954274      0.9954273      0.9954258    
   path
 /home/cossim/cube_nu/test/200_1024/sigle_nu_200_512_2_0.06_2/neutrinos/*/*_1.27
 19.txt
   real time =     2.918200     secs
 
 
 PM1
   assign density done
      forward start
      c2x   2.907300    
      xtran  6.4599998E-02
      x2y  0.5247000    
      ytran  7.5400002E-02
      y2z  0.5459000    
      ztran  7.4800000E-02
      z2y  0.5428000    
      y2x  0.4695000    
      pen_forward time   5.272500    
      forward done.   5.405000    
      backward done.   2.175300    
   pm%f2max =  1.7355292E+07
     sum of PM1 density =   118097486.576236     
   real time =   25.99210     secs
 
 PM2
   sum of PM2 density   118088746.536670        118088746.536670     
   vmax =   72.47539       62.23783       74.59184    
   f2max =  1.6920746E+08
   total team time =   66.8923004865646      secs
   real time =   10.64210     secs
 
 PM3
                     2 a66a66
   sum of PM3 density   118096939.756286     
   vmax =   72.35329       62.33255       75.27251    
   f2max =  1.2328995E+09
   total team time =   701.425700128078      secs
   real time =   116.0270     secs
 
PM3 node 1 vmax=    72.353     62.333     75.273  f2max= 0.1E+10
PM3 node 7 vmax=    69.815     73.320     71.955  f2max= 0.2E+10
PM3 node 2 vmax=    80.321     77.761     85.629  f2max= 0.2E+10
PM3 node 3 vmax=    64.577     67.324     65.951  f2max= 0.2E+10
PM3 node 4 vmax=    92.054     80.062     78.702  f2max= 0.2E+10
PM3 node 5 vmax=    67.131     73.860     73.608  f2max= 0.2E+10
PM3 node 8 vmax=    72.061     66.017     67.601  f2max= 0.1E+10
PM3 node 6 vmax=    94.843     82.355     85.635  f2max= 0.1E+10
   node           1
     dt_vmax=  0.1673918    
     dt_pm1 =  5.0685138E-02
     dt_pm2 =  2.8683605E-02
     dt_pm3 =  1.7458489E-02
     dt_pp  =  1.4409361E-03
   node           2
     dt_vmax=  0.1471465    
     dt_pm1 =  4.9653955E-02
     dt_pm2 =  2.4621354E-02
     dt_pm3 =  1.4926568E-02
     dt_pp  =  1.4409361E-03
   node           3
     dt_vmax=  0.1871552    
     dt_pm1 =  5.7578690E-02
     dt_pm2 =  2.7452888E-02
     dt_pm3 =  1.6130351E-02
     dt_pp  =  1.4409361E-03
   node           4
     dt_vmax=  0.1368756    
     dt_pm1 =  4.4895750E-02
     dt_pm2 =  2.3684328E-02
     dt_pm3 =  1.5519453E-02
     dt_pp  =  1.4409361E-03
   node           5
     dt_vmax=  0.1705928    
     dt_pm1 =  5.1600400E-02
     dt_pm2 =  2.7291892E-02
     dt_pm3 =  1.6323922E-02
     dt_pp  =  1.4409361E-03
   node           6
     dt_vmax=  0.1328509    
     dt_pm1 =  3.7256043E-02
     dt_pm2 =  2.6595585E-02
     dt_pm3 =  1.6887821E-02
     dt_pp  =  1.4409361E-03
   node           7
     dt_vmax=  0.1718485    
     dt_pm1 =  4.7900923E-02
     dt_pm2 =  2.6048817E-02
     dt_pm3 =  1.5205937E-02
     dt_pp  =  1.4409361E-03
   node           8
     dt_vmax=  0.1748507    
     dt_pm1 =  5.7376426E-02
     dt_pm2 =  2.7606130E-02
     dt_pm3 =  1.8010776E-02
     dt_pp  =  1.4409361E-03
     napm =           0       19814       10916        1783         254
           1           0
   real time =   116.0270       2.175300     secs
 buffer_xvp
   elapsed time =   7.225600     secs
 
   check PID range after buffer_v:                    37            1073741346
 total elapsed time =   244.3512       244.4529     secs
 
 -------------------------------------------------------
 timestep    :                  2109
 tau         :  4.5344882E-02  4.5355756E-02
 z         :   1.270307       1.268723    
 a         :  0.4404690      0.4406227      0.4407765    
 expansion :  6.9764064E-04
 dt        :  1.4409361E-03
 dt_e      :  0.2089818    
 dt_pm1    :  3.7256043E-02
 dt_pm2    :  2.3684328E-02
 dt_pm3    :  1.4926568E-02
 dt_pp     :  1.4409361E-03
 dt_vmax   :  0.1328509    
 cur_powerpoint :                    23   1.258400    
 
 drift
   dt_mid =  1.4409361E-03
   nlayer =           4
   tile overhead   74.13515     % full
   consumed tile_buffer =   2.224055     /   3.000000    
   clean buffer of rhoc
   npcheck,npglobal=            1073741824            1073741824
   elapsed time =   61.38110     secs
 
 buffer_np
 
 redistribute_cdm
   image overhead   55.40918     % full
   consumed image_buffer =   1.108184     /   2.000000    
   elapsed time =   6.563700     secs
 
 buffer_xvp
   elapsed time =   4.979100     secs
 
 
 Get Tf_nu
   save Pk in z =    1.270307            2108
   s_f    =   0.6673980    
   1-f_nu =   0.995420033112168     
   f_nus  =    1.00000000000000       0.000000000000000E+000
  0.000000000000000E+000
   f_nr   =   0.9951783                NaN            NaN
   ifs    =          121                   521
   k_fs   =   0.7270985    
       exterp   1.270307                        23        2108
   tf_F_correction         120  0.7141311      0.7270985      0.9954274    
   Pk_step   8442.661       63.17189      0.3862433      7.3644196E-06
   Pk_nu   554.0061      8.7931430E-06  3.7221415E-12  1.0454545E-17
   Pk_nu1   559.3875      8.8785564E-06  3.7582971E-12  1.0556096E-17
   Pk_nu2   9263.506      0.1490129      2.4959448E-07  6.2658565E-08
   Pk_nu3   9263.506      0.1490129      2.4959448E-07  6.2658565E-08
   tf_F  0.9965892      0.9954274      0.9954273      0.9954258    
   path
 /home/cossim/cube_nu/test/200_1024/sigle_nu_200_512_2_0.06_2/neutrinos/*/*_1.27
 03.txt
   real time =     2.926600     secs
 
 
 PM1
   assign density done
      forward start
      c2x   1.495000    
      xtran  6.8700001E-02
      x2y  0.5428000    
      ytran  6.3800000E-02
      y2z  0.5525000    
      ztran  7.1999997E-02
      z2y  0.5274000    
      y2x  0.4719000    
      pen_forward time   3.865700    
      forward done.   3.949500    
      backward done.   2.116000    
   pm%f2max =  1.7419752E+07
     sum of PM1 density =   118087117.066953     
   real time =   23.71530     secs
 
 PM2
   sum of PM2 density   118078265.908897        118078265.908897     
   vmax =   72.30665       62.39246       75.39248    
   f2max =  1.7004674E+08
   total team time =   65.9153001308441      secs
   real time =   9.914200     secs
 
 PM3
                     2 a66a66
   sum of PM3 density   118086552.525300     
   vmax =   72.14063       63.07762       75.87788    
   f2max =  1.2046915E+09
   total team time =   668.462199191563      secs
   real time =   116.5043     secs
 
PM3 node 1 vmax=    72.141     63.078     75.878  f2max= 0.1E+10
PM3 node 7 vmax=    69.353     73.145     72.924  f2max= 0.2E+10
PM3 node 2 vmax=    79.853     78.155     85.850  f2max= 0.2E+10
PM3 node 3 vmax=    64.571     67.229     65.727  f2max= 0.2E+10
PM3 node 4 vmax=    92.620     80.678     78.658  f2max= 0.2E+10
PM3 node 5 vmax=    67.291     73.507     73.226  f2max= 0.2E+10
PM3 node 6 vmax=    94.612     82.006     85.646  f2max= 0.1E+10
PM3 node 8 vmax=    72.170     65.717     67.641  f2max= 0.1E+10
   node           1
     dt_vmax=  0.1660563    
     dt_pm1 =  5.0620519E-02
     dt_pm2 =  2.8638154E-02
     dt_pm3 =  1.7553678E-02
     dt_pp  =  1.4409361E-03
   node           2
     dt_vmax=  0.1467676    
     dt_pm1 =  4.9614746E-02
     dt_pm2 =  2.4652213E-02
     dt_pm3 =  1.4852920E-02
     dt_pp  =  1.4409361E-03
   node           3
     dt_vmax=  0.1874203    
     dt_pm1 =  5.7506546E-02
     dt_pm2 =  2.7375283E-02
     dt_pm3 =  1.5950985E-02
     dt_pp  =  1.4409361E-03
   node           4
     dt_vmax=  0.1360391    
     dt_pm1 =  4.4824336E-02
     dt_pm2 =  2.3616889E-02
     dt_pm3 =  1.5431987E-02
     dt_pp  =  1.4409361E-03
   node           5
     dt_vmax=  0.1714121    
     dt_pm1 =  5.1505577E-02
     dt_pm2 =  2.7277377E-02
     dt_pm3 =  1.6343048E-02
     dt_pp  =  1.4409361E-03
   node           6
     dt_vmax=  0.1331753    
     dt_pm1 =  3.7224270E-02
     dt_pm2 =  2.6567241E-02
     dt_pm3 =  1.6710322E-02
     dt_pp  =  1.4409361E-03
   node           7
     dt_vmax=  0.1722601    
     dt_pm1 =  4.7825556E-02
     dt_pm2 =  2.5925726E-02
     dt_pm3 =  1.5192750E-02
     dt_pp  =  1.4409361E-03
   node           8
     dt_vmax=  0.1745880    
     dt_pm1 =  5.7334617E-02
     dt_pm2 =  2.7621211E-02
     dt_pm3 =  1.8010281E-02
     dt_pp  =  1.4409361E-03
     napm =           0       19826       10903        1784         254
           1           0
   real time =   116.5043       2.116000     secs
 buffer_xvp
   elapsed time =   7.136200     secs
 
   check PID range after buffer_v:                    37            1073741346
 total elapsed time =   240.5176       240.6004     secs
 
 -------------------------------------------------------
 timestep    :                  2110
 tau         :  4.5355756E-02  4.5366641E-02
 z         :   1.268723       1.267140    
 a         :  0.4407765      0.4409305      0.4410844    
 expansion :  6.9806364E-04
 dt        :  1.4409361E-03
 dt_e      :  0.2088678    
 dt_pm1    :  3.7224270E-02
 dt_pm2    :  2.3616889E-02
 dt_pm3    :  1.4852920E-02
 dt_pp     :  1.4409361E-03
 dt_vmax   :  0.1331753    
 cur_powerpoint :                    23   1.258400    
 
 drift
   dt_mid =  1.4409361E-03
   nlayer =           4
   tile overhead   74.16605     % full
   consumed tile_buffer =   2.224981     /   3.000000    
   clean buffer of rhoc
   npcheck,npglobal=            1073741824            1073741824
   elapsed time =   61.66490     secs
 
 buffer_np
 
 redistribute_cdm
   image overhead   55.41294     % full
   consumed image_buffer =   1.108259     /   2.000000    
   elapsed time =   6.358200     secs
 
 buffer_xvp
   elapsed time =   4.965100     secs
 
 
 Get Tf_nu
   save Pk in z =    1.268723            2109
   s_f    =   0.6674235    
   1-f_nu =   0.995420033112168     
   f_nus  =    1.00000000000000       0.000000000000000E+000
  0.000000000000000E+000
   f_nr   =   0.9951850                NaN            NaN
   ifs    =          121                   521
   k_fs   =   0.7273523    
       exterp   1.268723                        23        2109
   tf_F_correction         120  0.7141311      0.7273523      0.9954274    
   Pk_step   8474.586       63.55791      0.3872827      7.3395431E-06
   Pk_nu   554.9422      8.8589823E-06  3.7343674E-12  1.0418308E-17
   Pk_nu1   560.3251      8.9449150E-06  3.7705910E-12  1.0519367E-17
   Pk_nu2   9275.052      0.1494084      2.5026225E-07  6.2439248E-08
   Pk_nu3   9275.052      0.1494084      2.5026225E-07  6.2439248E-08
   tf_F  0.9965881      0.9954274      0.9954273      0.9954258    
   path
 /home/cossim/cube_nu/test/200_1024/sigle_nu_200_512_2_0.06_2/neutrinos/*/*_1.26
 87.txt
   real time =     2.831900     secs
 
 
 PM1
   assign density done
      forward start
      c2x   2.309400    
      xtran  6.6100001E-02
      x2y  0.5045000    
      ytran  6.9600001E-02
      y2z  0.5200000    
      ztran  7.0400000E-02
      z2y  0.5121000    
      y2x  0.5381000    
      pen_forward time   4.678800    
      forward done.   4.765700    
      backward done.   2.234000    
   pm%f2max =  1.7483434E+07
     sum of PM1 density =   118076740.328941     
   real time =   23.51000     secs
 
 PM2
   sum of PM2 density   118067776.313881        118067776.313881     
   vmax =   72.07563       63.17620       75.96631    
   f2max =  1.7086194E+08
   total team time =   71.2304002642632      secs
   real time =   10.22100     secs
 
 PM3
                     2 a66a66
   sum of PM3 density   118076013.435708     
   vmax =   72.20688       63.75528       76.18783    
   f2max =  1.2314994E+09
   total team time =   673.892799663357      secs
   real time =   116.9647     secs
 
PM3 node 1 vmax=    72.207     63.755     76.188  f2max= 0.1E+10
PM3 node 2 vmax=    80.116     78.327     85.960  f2max= 0.2E+10
PM3 node 3 vmax=    64.922     67.141     65.486  f2max= 0.2E+10
PM3 node 4 vmax=    92.767     81.076     79.027  f2max= 0.2E+10
PM3 node 5 vmax=    67.127     73.284     73.201  f2max= 0.2E+10
PM3 node 6 vmax=    94.318     81.514     85.756  f2max= 0.2E+10
PM3 node 7 vmax=    68.866     73.880     73.856  f2max= 0.2E+10
PM3 node 8 vmax=    72.230     65.326     67.599  f2max= 0.1E+10
   node           1
     dt_vmax=  0.1653807    
     dt_pm1 =  5.0556712E-02
     dt_pm2 =  2.8593950E-02
     dt_pm3 =  1.7451266E-02
     dt_pp  =  1.4409361E-03
   node           2
     dt_vmax=  0.1465801    
     dt_pm1 =  4.9576852E-02
     dt_pm2 =  2.4686847E-02
     dt_pm3 =  1.4803858E-02
     dt_pp  =  1.4409361E-03
   node           3
     dt_vmax=  0.1876637    
     dt_pm1 =  5.7434890E-02
     dt_pm2 =  2.7302980E-02
     dt_pm3 =  1.5846325E-02
     dt_pp  =  1.4409361E-03
   node           4
     dt_vmax=  0.1358241    
     dt_pm1 =  4.4753451E-02
     dt_pm2 =  2.3557115E-02
     dt_pm3 =  1.5267942E-02
     dt_pp  =  1.4409361E-03
   node           5
     dt_vmax=  0.1719348    
     dt_pm1 =  5.1411014E-02
     dt_pm2 =  2.7263639E-02
     dt_pm3 =  1.6360329E-02
     dt_pp  =  1.4409361E-03
   node           6
     dt_vmax=  0.1335900    
     dt_pm1 =  3.7192553E-02
     dt_pm2 =  2.6538866E-02
     dt_pm3 =  1.6503826E-02
     dt_pp  =  1.4409361E-03
   node           7
     dt_vmax=  0.1705459    
     dt_pm1 =  4.7750887E-02
     dt_pm2 =  2.5807783E-02
     dt_pm3 =  1.5204247E-02
     dt_pp  =  1.4409361E-03
   node           8
     dt_vmax=  0.1744421    
     dt_pm1 =  5.7292897E-02
     dt_pm2 =  2.7640775E-02
     dt_pm3 =  1.8034136E-02
     dt_pp  =  1.4409361E-03
     napm =           0       19813       10915        1781         258
           1           0
   real time =   116.9647       2.234000     secs
 buffer_xvp
   elapsed time =   6.890100     secs
 
   check PID range after buffer_v:                    37            1073741346
 total elapsed time =   240.5593       240.6313     secs
 
 -------------------------------------------------------
 timestep    :                  2111
 tau         :  4.5366641E-02  4.5377526E-02
 z         :   1.267140       1.265556    
 a         :  0.4410844      0.4412386      0.4413927    
 expansion :  6.9844152E-04
 dt        :  1.4409361E-03
 dt_e      :  0.2087538    
 dt_pm1    :  3.7192553E-02
 dt_pm2    :  2.3557115E-02
 dt_pm3    :  1.4803858E-02
 dt_pp     :  1.4409361E-03
 dt_vmax   :  0.1335900    
 cur_powerpoint :                    23   1.258400    
 
 drift
   dt_mid =  1.4409361E-03
   nlayer =           4
   tile overhead   74.19740     % full
   consumed tile_buffer =   2.225922     /   3.000000    
   clean buffer of rhoc
   npcheck,npglobal=            1073741824            1073741824
   elapsed time =   61.65880     secs
 
 buffer_np
 
 redistribute_cdm
   image overhead   55.41681     % full
   consumed image_buffer =   1.108336     /   2.000000    
   elapsed time =   6.313100     secs
 
 buffer_xvp
   elapsed time =   5.334400     secs
 
 
 Get Tf_nu
   save Pk in z =    1.267140            2110
   s_f    =   0.6674492    
   1-f_nu =   0.995420033112168     
   f_nus  =    1.00000000000000       0.000000000000000E+000
  0.000000000000000E+000
   f_nr   =   0.9951916                NaN            NaN
   ifs    =          121                   521
   k_fs   =   0.7276063    
       exterp   1.267140                        23        2110
   tf_F_correction         120  0.7141311      0.7276063      0.9954274    
   Pk_step   8506.782       63.94824      0.3883419      7.3154201E-06
   Pk_nu   555.8804      8.9268733E-06  3.7468765E-12  1.0381730E-17
   Pk_nu1   561.2650      9.0133453E-06  3.7831713E-12  1.0482293E-17
   Pk_nu2   9286.594      0.1498066      2.5094562E-07  6.2220401E-08
   Pk_nu3   9286.594      0.1498066      2.5094562E-07  6.2220401E-08
   tf_F  0.9965868      0.9954274      0.9954273      0.9954258    
   path
 /home/cossim/cube_nu/test/200_1024/sigle_nu_200_512_2_0.06_2/neutrinos/*/*_1.26
 71.txt
   real time =     3.028100     secs
 
 
 PM1
   assign density done
      forward start
      c2x   1.530100    
      xtran  8.4500000E-02
      x2y  0.5821000    
      ytran  7.6200001E-02
      y2z  0.5787000    
      ztran  7.1699999E-02
      z2y  0.6015000    
      y2x  0.5374000    
      pen_forward time   4.142800    
      forward done.   4.214400    
      backward done.   2.036400    
   pm%f2max =  1.7546164E+07
     sum of PM1 density =   118066354.678352     
   real time =   23.61030     secs
 
 PM2
   sum of PM2 density   118057276.871794        118057276.871794     
   vmax =   72.26726       63.82897       76.24530    
   f2max =  1.7165054E+08
   total team time =   59.3024998903275      secs
   real time =   10.18060     secs
 
 PM3
                     2 a66a66
   sum of PM3 density   118065509.323112     
   vmax =   72.69659       64.21626       76.19833    
   f2max =  1.2547561E+09
   total team time =   747.008600531612      secs
   real time =   119.4889     secs
 
PM3 node 1 vmax=    72.697     64.216     76.198  f2max= 0.1E+10
PM3 node 2 vmax=    80.125     78.125     85.994  f2max= 0.2E+10
PM3 node 3 vmax=    65.431     67.470     65.228  f2max= 0.2E+10
PM3 node 4 vmax=    92.439     81.195     79.842  f2max= 0.2E+10
PM3 node 5 vmax=    67.707     73.042     73.204  f2max= 0.2E+10
PM3 node 6 vmax=    94.239     81.106     86.208  f2max= 0.2E+10
PM3 node 7 vmax=    68.559     74.682     74.710  f2max= 0.2E+10
PM3 node 8 vmax=    72.249     65.388     67.307  f2max= 0.1E+10
   node           1
     dt_vmax=  0.1653579    
     dt_pm1 =  5.0493829E-02
     dt_pm2 =  2.8551079E-02
     dt_pm3 =  1.7363768E-02
     dt_pp  =  1.4409361E-03
   node           2
     dt_vmax=  0.1465218    
     dt_pm1 =  4.9540367E-02
     dt_pm2 =  2.4724614E-02
     dt_pm3 =  1.4796114E-02
     dt_pp  =  1.4409361E-03
   node           3
     dt_vmax=  0.1867494    
     dt_pm1 =  5.7363562E-02
     dt_pm2 =  2.7236272E-02
     dt_pm3 =  1.5638443E-02
     dt_pp  =  1.4409361E-03
   node           4
     dt_vmax=  0.1363061    
     dt_pm1 =  4.4683121E-02
     dt_pm2 =  2.3505200E-02
     dt_pm3 =  1.5142872E-02
     dt_pp  =  1.4409361E-03
   node           5
     dt_vmax=  0.1721214    
     dt_pm1 =  5.1316690E-02
     dt_pm2 =  2.7250681E-02
     dt_pm3 =  1.6380981E-02
     dt_pp  =  1.4409361E-03
   node           6
     dt_vmax=  0.1337022    
     dt_pm1 =  3.7161168E-02
     dt_pm2 =  2.6510380E-02
     dt_pm3 =  1.6316250E-02
     dt_pp  =  1.4409361E-03
   node           7
     dt_vmax=  0.1686525    
     dt_pm1 =  4.7677193E-02
     dt_pm2 =  2.5695011E-02
     dt_pm3 =  1.5224990E-02
     dt_pp  =  1.4409361E-03
   node           8
     dt_vmax=  0.1743964    
     dt_pm1 =  5.7251427E-02
     dt_pm2 =  2.7664345E-02
     dt_pm3 =  1.8072179E-02
     dt_pp  =  1.4409361E-03
     napm =           0       19824       10897        1787         259
           1           0
   real time =   119.4889       2.036400     secs
 buffer_xvp
   elapsed time =   6.635200     secs
 
   check PID range after buffer_v:                    37            1073741346
 total elapsed time =   242.6055       242.6772     secs
 
 -------------------------------------------------------
 timestep    :                  2112
 tau         :  4.5377526E-02  4.5388419E-02
 z         :   1.265556       1.263973    
 a         :  0.4413927      0.4415470      0.4417014    
 expansion :  6.9880229E-04
 dt        :  1.4409361E-03
 dt_e      :  0.2086398    
 dt_pm1    :  3.7161168E-02
 dt_pm2    :  2.3505200E-02
 dt_pm3    :  1.4796114E-02
 dt_pp     :  1.4409361E-03
 dt_vmax   :  0.1337022    
 cur_powerpoint :                    23   1.258400    
 
 drift
   dt_mid =  1.4409361E-03
   nlayer =           4
   tile overhead   74.22923     % full
   consumed tile_buffer =   2.226877     /   3.000000    
   clean buffer of rhoc
   npcheck,npglobal=            1073741824            1073741824
   elapsed time =   66.69360     secs
 
 buffer_np
 
 redistribute_cdm
   image overhead   55.42061     % full
   consumed image_buffer =   1.108412     /   2.000000    
   elapsed time =   6.597200     secs
 
 buffer_xvp
   elapsed time =   5.456100     secs
 
 
 Get Tf_nu
   save Pk in z =    1.265556            2111
   s_f    =   0.6674748    
   1-f_nu =   0.995420033112168     
   f_nus  =    1.00000000000000       0.000000000000000E+000
  0.000000000000000E+000
   f_nr   =   0.9951982                NaN            NaN
   ifs    =          121                   521
   k_fs   =   0.7278605    
       exterp   1.265556                        23        2111
   tf_F_correction         120  0.7141311      0.7278605      0.9954274    
   Pk_step   8539.233       64.34244      0.3894174      7.2919051E-06
   Pk_nu   556.8231      8.9965297E-06  3.7581010E-12  1.0345515E-17
   Pk_nu1   562.2093      9.0835538E-06  3.7944535E-12  1.0445589E-17
   Pk_nu2   9298.186      0.1502068      2.5164232E-07  6.2002478E-08
   Pk_nu3   9298.186      0.1502068      2.5164232E-07  6.2002478E-08
   tf_F  0.9965855      0.9954274      0.9954273      0.9954258    
   path
 /home/cossim/cube_nu/test/200_1024/sigle_nu_200_512_2_0.06_2/neutrinos/*/*_1.26
 56.txt
   real time =     2.993200     secs
 
 
 PM1
   assign density done
      forward start
      c2x   3.497600    
      xtran  6.8300001E-02
      x2y  0.5129000    
      ytran  0.1140000    
      y2z  0.5276000    
      ztran  6.3299999E-02
      z2y  0.5232000    
      y2x  0.4705000    
      pen_forward time   5.849800    
      forward done.   5.926300    
      backward done.   1.937400    
   pm%f2max =  1.7608036E+07
     sum of PM1 density =   118055957.596279     
   real time =   23.90680     secs
 
 PM2
   sum of PM2 density   118046767.934404        118046767.934404     
   vmax =   72.73421       64.26541       76.22533    
   f2max =  1.7241048E+08
   total team time =   72.9618998765945      secs
   real time =   10.37540     secs
 
 PM3
                     2 a66a66
   sum of PM3 density   118055109.422676     
   vmax =   73.03872       64.38617       75.95710    
   f2max =  1.2858230E+09
   total team time =   691.001401208807      secs
   real time =   125.0482     secs
 
PM3 node 1 vmax=    73.039     64.386     75.957  f2max= 0.1E+10
PM3 node 2 vmax=    79.965     77.596     86.097  f2max= 0.2E+10
PM3 node 3 vmax=    66.361     67.976     64.950  f2max= 0.2E+10
PM3 node 4 vmax=    91.692     81.027     80.632  f2max= 0.2E+10
PM3 node 5 vmax=    68.011     72.975     73.214  f2max= 0.2E+10
PM3 node 6 vmax=    93.916     81.574     86.508  f2max= 0.2E+10
PM3 node 7 vmax=    68.318     75.349     75.428  f2max= 0.2E+10
PM3 node 8 vmax=    72.234     65.806     66.784  f2max= 0.1E+10
   node           1
     dt_vmax=  0.1658831    
     dt_pm1 =  5.0431788E-02
     dt_pm2 =  2.8509604E-02
     dt_pm3 =  1.7251894E-02
     dt_pp  =  1.4409361E-03
   node           2
     dt_vmax=  0.1463466    
     dt_pm1 =  4.9505178E-02
     dt_pm2 =  2.4765020E-02
     dt_pm3 =  1.4782473E-02
     dt_pp  =  1.4409361E-03
   node           3
     dt_vmax=  0.1853609    
     dt_pm1 =  5.7292812E-02
     dt_pm2 =  2.7175423E-02
     dt_pm3 =  1.5425754E-02
     dt_pp  =  1.4409361E-03
   node           4
     dt_vmax=  0.1374172    
     dt_pm1 =  4.4613265E-02
     dt_pm2 =  2.3461642E-02
     dt_pm3 =  1.5096846E-02
     dt_pp  =  1.4409361E-03
   node           5
     dt_vmax=  0.1720973    
     dt_pm1 =  5.1222581E-02
     dt_pm2 =  2.7238471E-02
     dt_pm3 =  1.6352974E-02
     dt_pp  =  1.4409361E-03
   node           6
     dt_vmax=  0.1341628    
     dt_pm1 =  3.7129994E-02
     dt_pm2 =  2.6481736E-02
     dt_pm3 =  1.6190806E-02
     dt_pp  =  1.4409361E-03
   node           7
     dt_vmax=  0.1670473    
     dt_pm1 =  4.7604356E-02
     dt_pm2 =  2.5587423E-02
     dt_pm3 =  1.5244993E-02
     dt_pp  =  1.4409361E-03
   node           8
     dt_vmax=  0.1744338    
     dt_pm1 =  5.7210211E-02
     dt_pm2 =  2.7691476E-02
     dt_pm3 =  1.8097866E-02
     dt_pp  =  1.4409361E-03
     napm =           0       19822       10893        1794         258
           1           0
   real time =   125.0482       1.937400     secs
 buffer_xvp
   elapsed time =   6.836500     secs
 
   check PID range after buffer_v:                    37            1073741346
 total elapsed time =   254.4534       254.5249     secs
 
 -------------------------------------------------------
 timestep    :                  2113
 tau         :  4.5388419E-02  4.5399312E-02
 z         :   1.263973       1.262390    
 a         :  0.4417014      0.4418559      0.4420104    
 expansion :  6.9916988E-04
 dt        :  1.4409361E-03
 dt_e      :  0.2085256    
 dt_pm1    :  3.7129994E-02
 dt_pm2    :  2.3461642E-02
 dt_pm3    :  1.4782473E-02
 dt_pp     :  1.4409361E-03
 dt_vmax   :  0.1341628    
 cur_powerpoint :                    23   1.258400    
 
 drift
   dt_mid =  1.4409361E-03
   nlayer =           4
   tile overhead   74.26115     % full
   consumed tile_buffer =   2.227834     /   3.000000    
   clean buffer of rhoc
   npcheck,npglobal=            1073741824            1073741824
   elapsed time =   68.96590     secs
 
 buffer_np
 
 redistribute_cdm
   image overhead   55.42453     % full
   consumed image_buffer =   1.108491     /   2.000000    
   elapsed time =   6.455200     secs
 
 buffer_xvp
   elapsed time =   5.006400     secs
 
 
 Get Tf_nu
   save Pk in z =    1.263973            2112
   s_f    =   0.6675004    
   1-f_nu =   0.995420033112168     
   f_nus  =    1.00000000000000       0.000000000000000E+000
  0.000000000000000E+000
   f_nr   =   0.9952049                NaN            NaN
   ifs    =          121                   521
   k_fs   =   0.7281150    
       exterp   1.263973                        23        2112
   tf_F_correction         120  0.7141311      0.7281150      0.9954273    
   Pk_step   8571.972       64.74104      0.3905108      7.2691309E-06
   Pk_nu   557.7639      9.0677177E-06  3.7707658E-12  1.0309778E-17
   Pk_nu1   563.1516      9.1553075E-06  3.8071898E-12  1.0409367E-17
   Pk_nu2   9309.772      0.1506073      2.5235096E-07  6.1786032E-08
   Pk_nu3   9309.770      0.1506073      2.5235096E-07  6.1786032E-08
   tf_F  0.9965843      0.9954273      0.9954272      0.9954257    
   path
 /home/cossim/cube_nu/test/200_1024/sigle_nu_200_512_2_0.06_2/neutrinos/*/*_1.26
 40.txt
   real time =     3.002900     secs
 
 
 PM1
   assign density done
      forward start
      c2x   1.812600    
      xtran  6.3299999E-02
      x2y  0.5533000    
      ytran  7.2800003E-02
      y2z  0.5743000    
      ztran  5.9400000E-02
      z2y  0.5700000    
      y2x  0.5485000    
      pen_forward time   4.349500    
      forward done.   4.471300    
      backward done.   2.011300    
   pm%f2max =  1.7669018E+07
     sum of PM1 density =   118045549.969582     
   real time =   23.51890     secs
 
 PM2
   sum of PM2 density   118036248.613982        118036248.613982     
   vmax =   73.05255       64.41121       75.95399    
   f2max =  1.7313846E+08
   total team time =   67.4620000720024      secs
   real time =   9.885100     secs
 
 PM3
                     2 a66a66
   sum of PM3 density   118044495.943437     
   vmax =   73.21124       64.23154       75.54288    
   f2max =  1.3370190E+09
   total team time =   715.816799154505      secs
   real time =   119.0245     secs
 
PM3 node 1 vmax=    73.211     64.232     75.543  f2max= 0.1E+10
PM3 node 2 vmax=    79.653     76.818     86.188  f2max= 0.2E+10
PM3 node 3 vmax=    66.982     68.191     64.646  f2max= 0.2E+10
PM3 node 4 vmax=    90.846     80.627     81.306  f2max= 0.2E+10
PM3 node 5 vmax=    67.880     73.344     73.489  f2max= 0.2E+10
PM3 node 6 vmax=    94.479     81.984     86.567  f2max= 0.2E+10
PM3 node 7 vmax=    69.172     75.839     75.922  f2max= 0.2E+10
PM3 node 8 vmax=    72.187     66.033     66.073  f2max= 0.1E+10
   node           1
     dt_vmax=  0.1667927    
     dt_pm1 =  5.0370600E-02
     dt_pm2 =  2.8469631E-02
     dt_pm3 =  1.7078348E-02
     dt_pp  =  1.4409361E-03
   node           2
     dt_vmax=  0.1461927    
     dt_pm1 =  4.9471457E-02
     dt_pm2 =  2.4807625E-02
     dt_pm3 =  1.4763067E-02
     dt_pp  =  1.4409361E-03
   node           3
     dt_vmax=  0.1847763    
     dt_pm1 =  5.7222474E-02
     dt_pm2 =  2.7120676E-02
     dt_pm3 =  1.5292834E-02
     dt_pp  =  1.4409361E-03
   node           4
     dt_vmax=  0.1386963    
     dt_pm1 =  4.4544045E-02
     dt_pm2 =  2.3426728E-02
     dt_pm3 =  1.4983512E-02
     dt_pp  =  1.4409361E-03
   node           5
     dt_vmax=  0.1714537    
     dt_pm1 =  5.1128764E-02
     dt_pm2 =  2.7227039E-02
     dt_pm3 =  1.6337976E-02
     dt_pp  =  1.4409361E-03
   node           6
     dt_vmax=  0.1333631    
     dt_pm1 =  3.7099004E-02
     dt_pm2 =  2.6452908E-02
     dt_pm3 =  1.6001675E-02
     dt_pp  =  1.4409361E-03
   node           7
     dt_vmax=  0.1659594    
     dt_pm1 =  4.7532387E-02
     dt_pm2 =  2.5485091E-02
     dt_pm3 =  1.5071098E-02
     dt_pp  =  1.4409361E-03
   node           8
     dt_vmax=  0.1745477    
     dt_pm1 =  5.7168942E-02
     dt_pm2 =  2.7721774E-02
     dt_pm3 =  1.8099194E-02
     dt_pp  =  1.4409361E-03
     napm =           0       19826       10885        1796         260
           1           0
   real time =   119.0245       2.011300     secs
 buffer_xvp
   elapsed time =   6.799700     secs
 
   check PID range after buffer_v:                    37            1073741346
 total elapsed time =   249.2927       249.4037     secs
 
 -------------------------------------------------------
 timestep    :                  2114
 tau         :  4.5399312E-02  4.5410205E-02
 z         :   1.262390       1.260808    
 a         :  0.4420104      0.4421651      0.4423198    
 expansion :  6.9948571E-04
 dt        :  1.4409361E-03
 dt_e      :  0.2084115    
 dt_pm1    :  3.7099004E-02
 dt_pm2    :  2.3426728E-02
 dt_pm3    :  1.4763067E-02
 dt_pp     :  1.4409361E-03
 dt_vmax   :  0.1333631    
 cur_powerpoint :                    23   1.258400    
 
 drift
   dt_mid =  1.4409361E-03
   nlayer =           4
   tile overhead   74.29454     % full
   consumed tile_buffer =   2.228836     /   3.000000    
   clean buffer of rhoc
   npcheck,npglobal=            1073741824            1073741824
   elapsed time =   62.08090     secs
 
 buffer_np
 
 redistribute_cdm
   image overhead   55.42837     % full
   consumed image_buffer =   1.108567     /   2.000000    
   elapsed time =   6.405800     secs
 
 buffer_xvp
   elapsed time =   5.031400     secs
 
 
 Get Tf_nu
   save Pk in z =    1.262390            2113
   s_f    =   0.6675260    
   1-f_nu =   0.995420033112168     
   f_nus  =    1.00000000000000       0.000000000000000E+000
  0.000000000000000E+000
   f_nr   =   0.9952115                NaN            NaN
   ifs    =          121                   521
   k_fs   =   0.7283697    
       exterp   1.262390                        23        2113
   tf_F_correction         120  0.7141311      0.7283697      0.9954273    
   Pk_step   8604.981       65.14385      0.3916251      7.2469807E-06
   Pk_nu   558.7084      9.1406728E-06  3.7843535E-12  1.0273667E-17
   Pk_nu1   564.0977      9.2288446E-06  3.8208577E-12  1.0372768E-17
   Pk_nu2   9321.396      0.1510103      2.5307386E-07  6.1570042E-08
   Pk_nu3   9321.396      0.1510103      2.5307386E-07  6.1570042E-08
   tf_F  0.9965830      0.9954273      0.9954272      0.9954257    
   path
 /home/cossim/cube_nu/test/200_1024/sigle_nu_200_512_2_0.06_2/neutrinos/*/*_1.26
 24.txt
   real time =     2.922700     secs
 
 
 PM1
   assign density done
      forward start
      c2x   1.983600    
      xtran  7.1699999E-02
      x2y  0.5242000    
      ytran  8.2000002E-02
      y2z  0.5068000    
      ztran  6.9799997E-02
      z2y  0.4938000    
      y2x  0.4413000    
      pen_forward time   4.269100    
      forward done.   4.345100    
      backward done.   2.137700    
   pm%f2max =  1.7729284E+07
     sum of PM1 density =   118035134.515372     
   real time =   23.42480     secs
 
 PM2
   sum of PM2 density   118025718.687461        118025718.687461     
   vmax =   73.23540       64.23296       75.50984    
   f2max =  1.7383157E+08
   total team time =   71.4032998383045      secs
   real time =   10.25300     secs
 
 PM3
                     2 a66a66
   sum of PM3 density   118033938.674624     
   vmax =   73.62093       64.61309       75.03291    
   f2max =  1.3979780E+09
   total team time =   723.779800297227      secs
   real time =   117.5797     secs
 
PM3 node 1 vmax=    73.621     64.613     75.033  f2max= 0.1E+10
PM3 node 2 vmax=    79.079     77.591     86.262  f2max= 0.2E+10
PM3 node 3 vmax=    67.159     68.073     64.306  f2max= 0.2E+10
PM3 node 4 vmax=    92.356     80.066     81.753  f2max= 0.2E+10
PM3 node 5 vmax=    67.333     73.586     73.869  f2max= 0.2E+10
PM3 node 6 vmax=    94.987     82.223     86.398  f2max= 0.2E+10
PM3 node 7 vmax=    69.874     76.118     76.080  f2max= 0.2E+10
PM3 node 8 vmax=    72.108     66.077     65.903  f2max= 0.1E+10
   node           1
     dt_vmax=  0.1679263    
     dt_pm1 =  5.0310139E-02
     dt_pm2 =  2.8431265E-02
     dt_pm3 =  1.6883140E-02
     dt_pp  =  1.4409361E-03
   node           2
     dt_vmax=  0.1460668    
     dt_pm1 =  4.9439121E-02
     dt_pm2 =  2.4852037E-02
     dt_pm3 =  1.4716127E-02
     dt_pp  =  1.4409361E-03
   node           3
     dt_vmax=  0.1850947    
     dt_pm1 =  5.7152543E-02
     dt_pm2 =  2.7072350E-02
     dt_pm3 =  1.5152610E-02
     dt_pp  =  1.4409361E-03
   node           4
     dt_vmax=  0.1364279    
     dt_pm1 =  4.4475470E-02
     dt_pm2 =  2.3400865E-02
     dt_pm3 =  1.4964867E-02
     dt_pp  =  1.4409361E-03
   node           5
     dt_vmax=  0.1705720    
     dt_pm1 =  5.1035259E-02
     dt_pm2 =  2.7216399E-02
     dt_pm3 =  1.6339423E-02
     dt_pp  =  1.4409361E-03
   node           6
     dt_vmax=  0.1326497    
     dt_pm1 =  3.7068278E-02
     dt_pm2 =  2.6423894E-02
     dt_pm3 =  1.5855391E-02
     dt_pp  =  1.4409361E-03
   node           7
     dt_vmax=  0.1655319    
     dt_pm1 =  4.7461152E-02
     dt_pm2 =  2.5388015E-02
     dt_pm3 =  1.4886234E-02
     dt_pp  =  1.4409361E-03
   node           8
     dt_vmax=  0.1747378    
     dt_pm1 =  5.7127904E-02
     dt_pm2 =  2.7754826E-02
     dt_pm3 =  1.8078322E-02
     dt_pp  =  1.4409361E-03
     napm =           0       19835       10876        1793         263
           1           0
   real time =   117.5797       2.137700     secs
 buffer_xvp
   elapsed time =   6.563600     secs
 
   check PID range after buffer_v:                    37            1073741346
 total elapsed time =   241.0059       241.0752     secs
 
 -------------------------------------------------------
 timestep    :                  2115
 tau         :  4.5410205E-02  4.5421101E-02
 z         :   1.260808       1.259225    
 a         :  0.4423198      0.4424747      0.4426296    
 expansion :  6.9985917E-04
 dt        :  1.4409361E-03
 dt_e      :  0.2082971    
 dt_pm1    :  3.7068278E-02
 dt_pm2    :  2.3400865E-02
 dt_pm3    :  1.4716127E-02
 dt_pp     :  1.4409361E-03
 dt_vmax   :  0.1326497    
 cur_powerpoint :                    23   1.258400    
 
 drift
   dt_mid =  1.4409361E-03
   nlayer =           4
   tile overhead   74.32698     % full
   consumed tile_buffer =   2.229809     /   3.000000    
   clean buffer of rhoc
   npcheck,npglobal=            1073741824            1073741824
   elapsed time =   61.37990     secs
 
 buffer_np
 
 redistribute_cdm
   image overhead   55.43212     % full
   consumed image_buffer =   1.108642     /   2.000000    
   elapsed time =   6.356800     secs
 
 buffer_xvp
   elapsed time =   5.194700     secs
 
 
 Get Tf_nu
   save Pk in z =    1.260808            2114
   s_f    =   0.6675516    
   1-f_nu =   0.995420033112168     
   f_nus  =    1.00000000000000       0.000000000000000E+000
  0.000000000000000E+000
   f_nr   =   0.9952182                NaN            NaN
   ifs    =          121                   521
   k_fs   =   0.7286246    
       exterp   1.260808                        23        2114
   tf_F_correction         120  0.7141311      0.7286246      0.9954273    
   Pk_step   8638.260       65.55093      0.3927539      7.2255048E-06
   Pk_nu   559.6545      9.2150904E-06  3.7961279E-12  1.0237923E-17
   Pk_nu1   565.0455      9.3038561E-06  3.8326946E-12  1.0336541E-17
   Pk_nu2   9333.013      0.1514148      2.5380905E-07  6.1354982E-08
   Pk_nu3   9333.013      0.1514148      2.5380905E-07  6.1354982E-08
   tf_F  0.9965818      0.9954273      0.9954272      0.9954257    
   path
 /home/cossim/cube_nu/test/200_1024/sigle_nu_200_512_2_0.06_2/neutrinos/*/*_1.26
 08.txt
   real time =     2.764500     secs
 
 
 PM1
   assign density done
      forward start
      c2x   1.736100    
      xtran  8.3499998E-02
      x2y  0.5287000    
      ytran  7.7900000E-02
      y2z  0.5115000    
      ztran  6.8599999E-02
      z2y  0.5031000    
      y2x  0.5066000    
      pen_forward time   4.080400    
      forward done.   4.159600    
      backward done.   2.258800    
   pm%f2max =  1.7788580E+07
     sum of PM1 density =   118024707.594137     
   real time =   24.04460     secs
 
 PM2
   sum of PM2 density   118015178.247487        118015178.247487     
   vmax =   73.64017       64.67805       74.96989    
   f2max =  1.7448475E+08
   total team time =   76.0821006894112      secs
   real time =   9.854600     secs
 
 PM3
                     2 a66a66
   sum of PM3 density   118023287.654035     
   vmax =   73.84451       64.82376       74.62436    
   f2max =  1.4052641E+09
   total team time =   762.847000269219      secs
   real time =   120.7068     secs
 
PM3 node 1 vmax=    73.845     64.824     74.624  f2max= 0.1E+10
PM3 node 2 vmax=    78.448     78.405     86.313  f2max= 0.2E+10
PM3 node 3 vmax=    66.786     68.376     63.930  f2max= 0.2E+10
PM3 node 5 vmax=    66.944     74.298     74.143  f2max= 0.2E+10
PM3 node 7 vmax=    70.340     76.170     75.787  f2max= 0.2E+10
PM3 node 8 vmax=    71.999     65.969     66.326  f2max= 0.1E+10
PM3 node 4 vmax=    93.835     80.414     81.885  f2max= 0.2E+10
PM3 node 6 vmax=    95.331     82.254     86.283  f2max= 0.2E+10
   node           1
     dt_vmax=  0.1688457    
     dt_pm1 =  5.0250575E-02
     dt_pm2 =  2.8394679E-02
     dt_pm3 =  1.6855314E-02
     dt_pp  =  1.4409361E-03
   node           2
     dt_vmax=  0.1459811    
     dt_pm1 =  4.9408145E-02
     dt_pm2 =  2.4897922E-02
     dt_pm3 =  1.4674944E-02
     dt_pp  =  1.4409361E-03
   node           3
     dt_vmax=  0.1842760    
     dt_pm1 =  5.7082985E-02
     dt_pm2 =  2.7030522E-02
     dt_pm3 =  1.5099332E-02
     dt_pp  =  1.4409361E-03
   node           4
     dt_vmax=  0.1342780    
     dt_pm1 =  4.4407375E-02
     dt_pm2 =  2.3324301E-02
     dt_pm3 =  1.4891532E-02
     dt_pp  =  1.4409361E-03
   node           5
     dt_vmax=  0.1695879    
     dt_pm1 =  5.0941870E-02
     dt_pm2 =  2.7206564E-02
     dt_pm3 =  1.6349580E-02
     dt_pp  =  1.4409361E-03
   node           6
     dt_vmax=  0.1321713    
     dt_pm1 =  3.7037723E-02
     dt_pm2 =  2.6394632E-02
     dt_pm3 =  1.5800042E-02
     dt_pp  =  1.4409361E-03
   node           7
     dt_vmax=  0.1654202    
     dt_pm1 =  4.7390860E-02
     dt_pm2 =  2.5296200E-02
     dt_pm3 =  1.4687020E-02
     dt_pp  =  1.4409361E-03
   node           8
     dt_vmax=  0.1750030    
     dt_pm1 =  5.7087090E-02
     dt_pm2 =  2.7790284E-02
     dt_pm3 =  1.8053111E-02
     dt_pp  =  1.4409361E-03
     napm =           0       19836       10873        1794         264
           1           0
   real time =   120.7068       2.258800     secs
 buffer_xvp
   elapsed time =   7.167600     secs
 
   check PID range after buffer_v:                    37            1073741346
 total elapsed time =   243.9972       244.0657     secs
 
 -------------------------------------------------------
 timestep    :                  2116
 tau         :  4.5421101E-02  4.5432001E-02
 z         :   1.259225       1.257643    
 a         :  0.4426296      0.4427846      0.4429397    
z7.0018304E-04
 dt        :  1.4409361E-03
 dt_e      :  0.2081828    
 dt_pm1    :  3.7037723E-02
 dt_pm2    :  2.3324301E-02
 dt_pm3    :  1.4674944E-02
 dt_pp     :  1.4409361E-03
 dt_vmax   :  0.1321713    
 cur_powerpoint :                    23   1.258400    
 
 drift
   dt_mid =  1.4409361E-03
   nlayer =           4
   tile overhead   74.35916     % full
   consumed tile_buffer =   2.230775     /   3.000000    
   clean buffer of rhoc
   npcheck,npglobal=            1073741824            1073741824
   elapsed time =   63.74580     secs
 
 buffer_np
 
 redistribute_cdm
   image overhead   55.43612     % full
   consumed image_buffer =   1.108722     /   2.000000    
   elapsed time =   6.752300     secs
 
 buffer_xvp
   elapsed time =   5.493600     secs
 
 
 Get Tf_nu
   save Pk in z =    1.259225            2115
   s_f    =   0.6675772    
   1-f_nu =   0.995420033112168     
   f_nus  =    1.00000000000000       0.000000000000000E+000
  0.000000000000000E+000
   f_nr   =   0.9952248                NaN            NaN
   ifs    =          121                   521
   k_fs   =   0.7288797    
 
 Power_step
  global_power
 check: min,max,sum of rho_grid = 
  0.0000000E+00   2248.534       132127472.840784        256805729.000000     
  0.0000000E+00   2196.025       133316604.308915        261792466.000000     
  0.0000000E+00   2528.984       118005626.148230        231728323.000000     
  0.0000000E+00   2209.075       130502563.567053        252727719.000000     
  0.0000000E+00   3175.485       136325251.983476        266937707.000000     
  0.0000000E+00   2216.655       148389098.377553        290644951.000000     
  0.0000000E+00   2749.310       130251981.237808        249196213.000000     
  0.0000000E+00   2145.071       144823225.416247        284901410.000000     
 min  -1.000000     max   23010.41     mean  2.899108886289525E-008
 auto_power
      c2x_global   17.25430    
      xtran_global  0.6735000    
      x2y_global   14.88160    
      ytran_global  0.6625000    
      y2z_global   18.31200    
      ztran_global  0.6909000    
      z2y_global   16.56390    
